created_at,id_str,full_text,quote_count,reply_count,retweet_count,favorite_count,lang,user_id_str,conversation_id_str,username,tweet_url,image_url,location,keyword,target,paslon,date,lowercase
2023-12-09 16:18:54+07:00,1733415915122036772,"BONGKAR"" Panggung Rakyat 2023.  9 Desember 2023 | Stadion Madya GBK | Pukul 13:00 Wib.  #lawandinastipolitik #lawanneoorba #salamkeadilan https://t.co/76RFEIfrzp""",0,0,2,12,id,1717125998238699520,1733415915122036772,GEGAMA_,https://twitter.com/GEGAMA_/status/1733415915122036772,https://pbs.twimg.com/media/GA5UbRmbsAAJVxS.jpg,,Pres,Ganjar,P3,2023-12-09,"bongkar"" panggung rakyat 2023.  9 desember 2023 | stadion madya gbk | pukul 13:00 wib.  #lawandinastipolitik #lawanneoorba #salamkeadilan https://t.co/76rfeifrzp"""
2023-12-26 11:38:18+07:00,1739505893920960971,Ini antrian hari minggu kemarin di samsul safari eh solo safari https://t.co/k00j0MGhx4,334,1492,772,19840,id,1356478042797797377,1739505893920960971,gibran_tweet,https://twitter.com/gibran_tweet/status/1739505893920960971,https://pbs.twimg.com/media/GCP3X_ubwAAPyT5.jpg,,Wapres,Gibran,P2,2023-12-26,ini antrian hari minggu kemarin di samsul safari eh solo safari https://t.co/k00j0mghx4
2023-12-20 00:30:11+07:00,1737163428928893018,@Dennysiregar7 Kalau pihak 03 yg bicara spt itu bisa2 serentak demo bersilit silit.,0,2,4,42,id,278039207,1737152792811483251,Megatop99,https://twitter.com/Megatop99/status/1737163428928893018,,Indonesia,Wapres,Mahfud,P3,2023-12-20,@dennysiregar7 kalau pihak 03 yg bicara spt itu bisa2 serentak demo bersilit silit.
2023-12-11 16:43:38+07:00,1734146915347108057,Case closed n clear yach...  Klo ada masih ada yg bilang Blunder blunder lagi... gue olesin bibir loe pake Asam Sulfat...  ğŸ¤£ğŸ¤£ğŸ¤£ğŸ¤£ğŸ¤£ğŸ¤£  https://t.co/dTCGFe0NNM,2,1,3,11,id,487243948,1734146915347108057,Flyingfighter27,https://twitter.com/Flyingfighter27/status/1734146915347108057,,jakarta,Wapres,Imin,P1,2023-12-11,case closed n clear yach...  klo ada masih ada yg bilang blunder blunder lagi... gue olesin bibir loe pake asam sulfat...  ğŸ¤£ğŸ¤£ğŸ¤£ğŸ¤£ğŸ¤£ğŸ¤£  https://t.co/dtcgfe0nnm
2023-12-24 20:29:25+07:00,1738914780289867896,PENJELASAN TENTANG ANGIN ğŸ‘‰ Jangan di Klik Bantu RT https://t.co/YDbZuhV1SV,161,210,3787,5848,id,1335552103457034240,1738914780289867896,SOBAT_ANIES,https://twitter.com/SOBAT_ANIES/status/1738914780289867896,https://pbs.twimg.com/ext_tw_video_thumb/1738914707657150464/pu/img/zPY5Tzy0_3AApzLE.jpg,"Surakarta, Jawa Tengah",Pres,Anies,P1,2023-12-24,penjelasan tentang angin ğŸ‘‰ jangan di klik bantu rt https://t.co/ydbzuhv1sv
2023-12-18 19:24:09+07:00,1736724027396509774,Udah kopong gak bernyali pula. Yang memilih dia menjadi Cawapres benar-benar tak paham masalah negara. https://t.co/RVIQxuHh8C,3,0,105,188,id,296177546,1736724027396509774,giginpraginanto,https://twitter.com/giginpraginanto/status/1736724027396509774,,,Wapres,Gibran,P2,2023-12-18,udah kopong gak bernyali pula. yang memilih dia menjadi cawapres benar-benar tak paham masalah negara. https://t.co/rviqxuhh8c
2023-12-09 23:08:48+07:00,1733519072841912654,@BudiSetyarso W liat  mereka ini kek udh di tahap cuek bebek sm pelanggaran2nya. Logikanya  kalau MK bisa dikangkangi  apalagi cuma KPU atau Bawaslu. Jd rakyat yg mengawasi tindak tanduk mereka cuma dianggap angin lalu. Toh kita ga bisa apa2 jg  sistem dikuasai mereka. https://t.co/tRAqv2rdnG,2,8,34,101,id,1059968402163302400,1733489320080846864,sianakboba,https://twitter.com/sianakboba/status/1733519072841912654,,,Wapres,Gibran,P2,2023-12-09,@budisetyarso w liat  mereka ini kek udh di tahap cuek bebek sm pelanggaran2nya. logikanya  kalau mk bisa dikangkangi  apalagi cuma kpu atau bawaslu. jd rakyat yg mengawasi tindak tanduk mereka cuma dianggap angin lalu. toh kita ga bisa apa2 jg  sistem dikuasai mereka. https://t.co/traqv2rdng
2023-12-10 23:07:14+07:00,1733881063678882107,Si cawapres belimbing sayur babak belur gara gara asam sulfat. Terbukti pengetahuannya sangat minim!! https://t.co/Tc1a8HS9CF,0,0,0,0,id,1696561767294652416,1733881063678882107,BersamaAnies24,https://twitter.com/BersamaAnies24/status/1733881063678882107,https://pbs.twimg.com/ext_tw_video_thumb/1733881005717733376/pu/img/tDrUX4umh7_7i0rz.jpg,,Pres,Anies,P1,2023-12-10,si cawapres belimbing sayur babak belur gara gara asam sulfat. terbukti pengetahuannya sangat minim!! https://t.co/tc1a8hs9cf
2023-12-10 21:50:54+07:00,1733861854617931879,Belimbing sayur mending belajar dulu sama bapaknya nama ikan ğŸ˜‚ https://t.co/UKnpTqk958,0,0,2,7,id,576025157,1733861750490140963,anies_maniaa,https://twitter.com/anies_maniaa/status/1733861854617931879,https://pbs.twimg.com/ext_tw_video_thumb/1733861830286819328/pu/img/t7Rh_lG-yrq6VCwG.jpg,Indonesia ,Pres,Anies,P1,2023-12-10,belimbing sayur mending belajar dulu sama bapaknya nama ikan ğŸ˜‚ https://t.co/uknptqk958
2023-12-21 17:53:56+07:00,1737788488278475220,https://t.co/6Zd2xL8fRe   Kalau program bagi2 susu dan makan siang gratis ini brilian...mengapa tidak dilakukan Pemerintahan Pak Jokowi selama ini? #sebuahmisteri ğŸ˜Š,10,21,111,235,id,85087815,1737788488278475220,unilubis,https://twitter.com/unilubis/status/1737788488278475220,,Indonesia,Wapres,Gibran,P2,2023-12-21,https://t.co/6zd2xl8fre   kalau program bagi2 susu dan makan siang gratis ini brilian...mengapa tidak dilakukan pemerintahan pak jokowi selama ini? #sebuahmisteri ğŸ˜Š
2023-12-17 05:48:51+07:00,1736156460386824587,"di Bandung atau di Jabar penggunaan kata Anjing"" itu sudah biasa dan dipakai sehari-hari dlm bahasa pergaulan masyarakat. Kadang2x diplesetkan jd Anjiir  anjis  anjay dll Jd ga usah Baper ya....drun Baru di katain NDASMU aja udah kejang2x klojotan Cengeng dikau...ah. ğŸ¤£ğŸ¤£ğŸ¤£ğŸ¤£ https://t.co/f96YSiP919""",3,152,4,29,id,1218988439514693633,1736156460386824587,tukangaduayam,https://twitter.com/tukangaduayam/status/1736156460386824587,https://pbs.twimg.com/ext_tw_video_thumb/1736156366543486976/pu/img/hHxWBtrxfXednpYl.jpg,Hadramaut -Yaman,Pres,Anies,P1,2023-12-17,"di bandung atau di jabar penggunaan kata anjing"" itu sudah biasa dan dipakai sehari-hari dlm bahasa pergaulan masyarakat. kadang2x diplesetkan jd anjiir  anjis  anjay dll jd ga usah baper ya....drun baru di katain ndasmu aja udah kejang2x klojotan cengeng dikau...ah. ğŸ¤£ğŸ¤£ğŸ¤£ğŸ¤£ https://t.co/f96ysip919"""
2023-12-15 16:06:25+07:00,1735587102686081419,"Dari dulu bilangnya siap mati  siap mati"". Ya udah kalo mau mati  mati aja sono  biar gua yang gantiin elo jadi Capres. https://t.co/rBs1HHhJES""",2,13,28,146,id,1463720993176784901,1735587102686081419,Omnya_Gibran,https://twitter.com/Omnya_Gibran/status/1735587102686081419,https://pbs.twimg.com/media/GBYLRbGasAAGMFU.jpg,,Wapres,Gibran,P2,2023-12-15,"dari dulu bilangnya siap mati  siap mati"". ya udah kalo mau mati  mati aja sono  biar gua yang gantiin elo jadi capres. https://t.co/rbs1hhhjes"""
2023-12-14 19:18:18+07:00,1735273003003593174,Gunakan anak-anak yang sudah wafat sebagai alat politik untuk menyerang dan menjatuhkan yang lain ... ini cara-cara orang yang tidak punya etika politik   https://t.co/fkqd5sZzVJ,14,249,45,136,id,576755999,1735273003003593174,bengkeldodo,https://twitter.com/bengkeldodo/status/1735273003003593174,,"Kebumen, Indonesia",Pres,Anies,P1,2023-12-14,gunakan anak-anak yang sudah wafat sebagai alat politik untuk menyerang dan menjatuhkan yang lain ... ini cara-cara orang yang tidak punya etika politik   https://t.co/fkqd5szzvj
2023-12-17 03:08:13+07:00,1736116039078015371,Ini media online gimana sih ? Jelas lagi jadi cawapres berita begini di upload hah.....bikin puyeng aje !! https://t.co/Fgmdo0lE5w,2,2,5,12,id,1164237287913164801,1736116039078015371,Dagdigduq,https://twitter.com/Dagdigduq/status/1736116039078015371,,,Wapres,Gibran,P2,2023-12-17,ini media online gimana sih ? jelas lagi jadi cawapres berita begini di upload hah.....bikin puyeng aje !! https://t.co/fgmdo0le5w
2023-12-19 22:16:44+07:00,1737129846684496339,Sudah sehina dan serendah ini kah @PartaiSocmed menyebarkan video HOAX? 1 segmen utuh video ini dibuat dan direkayasa sedemikian rupa untuk memfitnah ke @cakimiNOW. Luar biasa! https://t.co/NlGd1Nc7eN,17,74,346,570,id,836539655478624258,1737129846684496339,aniesmania,https://twitter.com/aniesmania/status/1737129846684496339,https://pbs.twimg.com/ext_tw_video_thumb/1737129299566821376/pu/img/8qZkIw3W5MNrFz04.jpg,,Pres,Anies,P1,2023-12-19,sudah sehina dan serendah ini kah @partaisocmed menyebarkan video hoax? 1 segmen utuh video ini dibuat dan direkayasa sedemikian rupa untuk memfitnah ke @cakiminow. luar biasa! https://t.co/nlgd1nc7en
2023-12-22 15:41:07+07:00,1738117449781035253,Drop Di Koment  Absen Dari Kota Mana + Sertakan 2 Tagar #CakIminMenangDebat âœ… RT Ya biar Banyak Yang isi,16,92,129,178,id,1335552103457034240,1738117449781035253,SOBAT_ANIES,https://twitter.com/SOBAT_ANIES/status/1738117449781035253,,"Surakarta, Jawa Tengah",Pres,Anies,P1,2023-12-22,drop di koment  absen dari kota mana + sertakan 2 tagar #cakiminmenangdebat âœ… rt ya biar banyak yang isi
2023-12-18 15:38:38+07:00,1736667272251629870,Apresiasinya @jokowi utk Kapolri @ListyoSigitP dan @erickthohir yg tetap konsisten melawan mafia bola. @TsamaraDKI @aryasinulingga @bahlillahadalia   @Naz_lira @ekowboy2 @SastroMedia  https://t.co/dF14ms02km https://t.co/ttxvUgkyKx,0,5,23,23,id,704806914794790912,1736667272251629870,JerrodSchaeffer,https://twitter.com/JerrodSchaeffer/status/1736667272251629870,https://pbs.twimg.com/ext_tw_video_thumb/1736667178970365952/pu/img/O1zcvdzD3-5CsThn.jpg,"Saskatchewan, Canada",Pres,Prabowo,P2,2023-12-18,apresiasinya @jokowi utk kapolri @listyosigitp dan @erickthohir yg tetap konsisten melawan mafia bola. @tsamaradki @aryasinulingga @bahlillahadalia   @naz_lira @ekowboy2 @sastromedia  https://t.co/df14ms02km https://t.co/ttxvugkykx
2023-12-18 18:40:44+07:00,1736713102354506068,Hai #SangKesatria udah saatnya nih Kesatria Bengawan Solo meet the Fans Kapan tuhh?? ğŸ–¤ğŸ’› Senin  18 Desember 2023 At GOR Sritex Arena Surakarta  FREE ENTRY Jadi langsung aja ya #SangKesatria di GOR Sritex Arena #kesatriabengawansolo #SangKesatria #kesatriasolo #cahsolo https://t.co/GOKVeuGAQ2,10,600,123,490,id,1356478042797797377,1736713102354506068,gibran_tweet,https://twitter.com/gibran_tweet/status/1736713102354506068,https://pbs.twimg.com/media/GBoLXASaIAACk2t.jpg,,Wapres,Gibran,P2,2023-12-18,hai #sangkesatria udah saatnya nih kesatria bengawan solo meet the fans kapan tuhh?? ğŸ–¤ğŸ’› senin  18 desember 2023 at gor sritex arena surakarta  free entry jadi langsung aja ya #sangkesatria di gor sritex arena #kesatriabengawansolo #sangkesatria #kesatriasolo #cahsolo https://t.co/gokveugaq2
2023-12-28 07:36:30+07:00,1740169820371619906,Pasti aslinya si Samsul gak paham... Asal nge jeplak https://t.co/OrjpwX6lCR,2,6,6,31,id,1135182840511885313,1740169820371619906,Ryu53944310,https://twitter.com/Ryu53944310/status/1740169820371619906,https://pbs.twimg.com/media/GCZTLj7bQAE98Pk.jpg,"Kebayoran Lama, Indonesia",Wapres,Mahfud,P3,2023-12-28,pasti aslinya si samsul gak paham... asal nge jeplak https://t.co/orjpwx6lcr
2023-12-23 02:52:55+07:00,1738286515124629749,@WanDAP90 Ada belajar pasal Royalty tak? Sama je mcm starbuck  mcd  kfc  semua buat kat Malaysia  but royalty mengalir ke mana? Dekat sesuatu negara yg support yahudi. Kalau tada income royalty mcm mana nak bg anak b4bi ni mkn nanti. Melain kn dorg tukar nama brand mcm rusia buat. https://t.co/gLLWahI2R7,0,0,19,67,id,778191265,1738095839774642241,AlimMuhaimin1,https://twitter.com/AlimMuhaimin1/status/1738286515124629749,https://pbs.twimg.com/media/GB-iXfYbkAAW72J.jpg,"Kuala Lumpur, Wilayah Persekutuan Kuala Lumpur",Wapres,Imin,P1,2023-12-23,@wandap90 ada belajar pasal royalty tak? sama je mcm starbuck  mcd  kfc  semua buat kat malaysia  but royalty mengalir ke mana? dekat sesuatu negara yg support yahudi. kalau tada income royalty mcm mana nak bg anak b4bi ni mkn nanti. melain kn dorg tukar nama brand mcm rusia buat. https://t.co/gllwahi2r7
2023-12-28 20:40:03+07:00,1740367005910450252,Generasi Milenial dan Generasi Z memegang peranan penting dalam Pemilu 2024. Hal ini dikarenakan mereka berkontribusi atas 40% dari seluruh DPT terdaftar untuk Pemilu 2024. Peran penting tersebut mengharuskan generasi muda untuk dapat memilih Paslon yang benar-benar mengajukanâ€¦ https://t.co/NwAJ0rTMPh,0,0,6,7,id,1230994530083565568,1740367005910450252,sahabatganjar,https://twitter.com/sahabatganjar/status/1740367005910450252,https://pbs.twimg.com/ext_tw_video_thumb/1740363353149825024/pu/img/874YKcJOOLYBO3Y_.jpg,,Pres,Ganjar,P3,2023-12-28,generasi milenial dan generasi z memegang peranan penting dalam pemilu 2024. hal ini dikarenakan mereka berkontribusi atas 40% dari seluruh dpt terdaftar untuk pemilu 2024. peran penting tersebut mengharuskan generasi muda untuk dapat memilih paslon yang benar-benar mengajukanâ€¦ https://t.co/nwaj0rtmph
2023-12-09 22:12:28+07:00,1733504893128966174,@tempodotco Ayok buzzer wowo semangat belainnya https://t.co/tUyhTK4NMe,0,1,3,20,id,1694336158912884736,1733504552639635657,arssene890,https://twitter.com/arssene890/status/1733504893128966174,https://pbs.twimg.com/media/GA6lg0waAAEVF5Y.jpg,"Jawa Tengah, semarang",Wapres,Gibran,P2,2023-12-09,@tempodotco ayok buzzer wowo semangat belainnya https://t.co/tuyhtk4nme
2023-12-06 14:55:21+07:00,1732307727282807040,@Gerindra padahal wadas ditindas sama anak buah jokowi ğŸ˜… https://t.co/LCVVwOGYBn,0,6,6,79,id,1694336158912884736,1732300566850871735,arssene890,https://twitter.com/arssene890/status/1732307727282807040,https://pbs.twimg.com/media/GApksUcb0AAkLPf.jpg,"Jawa Tengah, semarang",Wapres,Gibran,P2,2023-12-06,@gerindra padahal wadas ditindas sama anak buah jokowi ğŸ˜… https://t.co/lcvvwogybn
2023-12-23 23:36:52+07:00,1738599562972197138,"https://t.co/SieghXnyRh  Semua cawapres pake alat yang sama. Semua cawapres pake 3 mic untuk antisipasi ada mic yang mati "" kata Ketua KPU RI Hasyim Asy'ari.""",0,0,0,0,id,223767107,1738599562972197138,wpamuji,https://twitter.com/wpamuji/status/1738599562972197138,,Jakarta,Wapres,Gibran,P2,2023-12-23,"https://t.co/sieghxnyrh  semua cawapres pake alat yang sama. semua cawapres pake 3 mic untuk antisipasi ada mic yang mati "" kata ketua kpu ri hasyim asy'ari."""
2023-12-28 16:56:24+07:00,1740310721379148106,ğŸ˜ƒ Andai saja umpan lambung itu d smash dengan baik VALUE-nya naik. Masyarakat akan lebih tau apa program 01 untuk pengungsi baik Rohingya  dll  Misal : Team kita Siap dengan antisipasi hal demikian dengan seperti ğŸ‘‡ https://t.co/QPXRThD0qW  Keren loh ituğŸ˜,0,0,2,1,id,293624229,1740310721379148106,RheinaHerlina,https://twitter.com/RheinaHerlina/status/1740310721379148106,,tangerang city,Pres,Anies,P1,2023-12-28,ğŸ˜ƒ andai saja umpan lambung itu d smash dengan baik value-nya naik. masyarakat akan lebih tau apa program 01 untuk pengungsi baik rohingya  dll  misal : team kita siap dengan antisipasi hal demikian dengan seperti ğŸ‘‡ https://t.co/qpxrthd0qw  keren loh ituğŸ˜
2023-12-10 21:50:29+07:00,1733861750490140963,Mau dip0les seperti apapun  Wowo tetap gak l4ku ğŸ˜‚ Str4tegi lama  rasa baru ğŸ¤£ https://t.co/mCTqB4RXxz,1,19,63,287,id,576025157,1733861750490140963,anies_maniaa,https://twitter.com/anies_maniaa/status/1733861750490140963,https://pbs.twimg.com/ext_tw_video_thumb/1733861717598453760/pu/img/y81vWMm42I_UNXdP.jpg,Indonesia ,Pres,Anies,P1,2023-12-10,mau dip0les seperti apapun  wowo tetap gak l4ku ğŸ˜‚ str4tegi lama  rasa baru ğŸ¤£ https://t.co/mctqb4rxxz
2023-12-11 15:21:26+07:00,1734126230511976521,Aturan nya udah jelas. Samsul akan stop kalo ditegur.  Ibarat maling akan terus mencuri sampe ditangkep https://t.co/LHADbMh2tS,3,9,14,32,id,1424576072532709382,1734126230511976521,KangDickyAjah,https://twitter.com/KangDickyAjah/status/1734126230511976521,,,Wapres,Gibran,P2,2023-12-11,aturan nya udah jelas. samsul akan stop kalo ditegur.  ibarat maling akan terus mencuri sampe ditangkep https://t.co/lhadbmh2ts
2023-12-21 09:26:28+07:00,1737660779330232337,Siap pagi Indonesia.. Apel bareng Satgassus Cawapres  pakai sarung.. ğŸ˜„ https://t.co/vpfnTahH7F,11,78,522,2389,id,1490116879,1737660779330232337,cakimiNOW,https://twitter.com/cakimiNOW/status/1737660779330232337,https://pbs.twimg.com/media/GB1pQyXa0AA85ho.jpg,Indonesia,Wapres,Imin,P1,2023-12-21,siap pagi indonesia.. apel bareng satgassus cawapres  pakai sarung.. ğŸ˜„ https://t.co/vpfntahh7f
2023-12-19 16:50:08+07:00,1737047653350031526,Waduh  ndas etikmu berlanjuuuut nih. Pemilu 2019 boyolali yg kena  pemilu sekarang Banyumas. Hati2 jaga pernyataan ya  https://t.co/GoNqEO7ssS,1,10,46,138,id,102540465,1737047653350031526,nongandah,https://twitter.com/nongandah/status/1737047653350031526,,"ÃœT: -6.306199,106.826988",Pres,Prabowo,P2,2023-12-19,waduh  ndas etikmu berlanjuuuut nih. pemilu 2019 boyolali yg kena  pemilu sekarang banyumas. hati2 jaga pernyataan ya  https://t.co/gonqeo7sss
2023-12-16 01:56:57+07:00,1735735714967589135,@ekowboy2 Jadi mau nanya ke si Babeh  gmn perasaannya yg selama ini katanya paling bela Palestine smp di blacklist sama Arab Saudi tapi satu kolam sama Abu Janda yg pro Israel  bersinergi utk memenangkan capres yg hendak menormalisasi hubungan Indonesia dgn Israel?  https://t.co/wib8bEuq1P,0,3,16,67,id,803264418205138945,1735664290403582431,julsdaelani,https://twitter.com/julsdaelani/status/1735735714967589135,,"Jakarta Capital Region, Indone",Pres,Prabowo,P2,2023-12-16,@ekowboy2 jadi mau nanya ke si babeh  gmn perasaannya yg selama ini katanya paling bela palestine smp di blacklist sama arab saudi tapi satu kolam sama abu janda yg pro israel  bersinergi utk memenangkan capres yg hendak menormalisasi hubungan indonesia dgn israel?  https://t.co/wib8beuq1p
2023-12-08 09:06:53+07:00,1732944808812163358,Siapapun KECIL KEMUNGKINAN Menang 1 Putaran. Jadi Persiapkan Perjuangan Panjang 7 Bulan Kedepan. 02 vs 03 Biar Bertarung Terus  Karna Nanti Salah Satunya Akan Jadi Kawan Kita Di Babak ke 2. Fokus Kita Menghimpun Sebanyak Banyaknya Dukungan Dari Berbagai Pihak. ğŸ‘‰ Setuju RT,3,20,224,376,id,1335552103457034240,1732944808812163358,sobat_anies,https://twitter.com/sobat_anies/status/1732944808812163358,,"Surakarta, Jawa Tengah",Pres,Anies,P1,2023-12-08,siapapun kecil kemungkinan menang 1 putaran. jadi persiapkan perjuangan panjang 7 bulan kedepan. 02 vs 03 biar bertarung terus  karna nanti salah satunya akan jadi kawan kita di babak ke 2. fokus kita menghimpun sebanyak banyaknya dukungan dari berbagai pihak. ğŸ‘‰ setuju rt
2023-12-14 11:01:54+07:00,1735148080780161387,Pak Jokowi coba anaknya ini diajarin soal etika dan sopan santun ketimuran.. Dah berapa kali melanggar aturan KPU..   Jangan cuma bisanya suruh rakyat yang menilai..   https://t.co/3ywCiHkvpC,7,69,157,527,id,214159664,1735148080780161387,Paltiwest,https://twitter.com/Paltiwest/status/1735148080780161387,,"Medan dan Jakarta, Indonesia",Wapres,Gibran,P2,2023-12-14,pak jokowi coba anaknya ini diajarin soal etika dan sopan santun ketimuran.. dah berapa kali melanggar aturan kpu..   jangan cuma bisanya suruh rakyat yang menilai..   https://t.co/3ywcihkvpc
2023-12-23 11:10:58+07:00,1738411854685499573,Kami membuka diri untuk berdiskusi  berdialog pada semua tema karena kami percaya rakyat Indonesia apalagi generasi mudanya berhak untuk bisa membandingkan gagasan dari masing-masing calon presiden.  Lengkapnya  teman-teman bisa tonton di YouTube Channel Total Politik.â€¦ https://t.co/ghFRB3gzKe,57,162,2223,5909,id,110312278,1738411854685499573,aniesbaswedan,https://twitter.com/aniesbaswedan/status/1738411854685499573,https://pbs.twimg.com/ext_tw_video_thumb/1738411177489924096/pu/img/kbyxG1LPRWIWIbbZ.jpg,Indonesia,Pres,Anies,P1,2023-12-23,kami membuka diri untuk berdiskusi  berdialog pada semua tema karena kami percaya rakyat indonesia apalagi generasi mudanya berhak untuk bisa membandingkan gagasan dari masing-masing calon presiden.  lengkapnya  teman-teman bisa tonton di youtube channel total politik.â€¦ https://t.co/ghfrb3gzke
2023-12-07 18:39:54+07:00,1732726626163789946,NYALON NYA LEWAT JALUR HARAM... SOK SOK AN MAU YANG SERBA RESMI ğŸ¤£ğŸ¤£ğŸ¤£  dasar #AsamSulfat   https://t.co/A88YUDkXN3,4,7,51,81,id,1604091267834474498,1732726626163789946,Muslim_AntiPKI9,https://twitter.com/Muslim_AntiPKI9/status/1732726626163789946,,,Wapres,Gibran,P2,2023-12-07,nyalon nya lewat jalur haram... sok sok an mau yang serba resmi ğŸ¤£ğŸ¤£ğŸ¤£  dasar #asamsulfat   https://t.co/a88yudkxn3
2023-12-18 10:49:36+07:00,1736594534765916261,@PartaiSocmed Wih Mbak Inayah berani banget ğŸ‘  #ndasmuetik https://t.co/YH3fucGzRW,3,5,54,132,id,836539655478624258,1736589729154626033,aniesmania,https://twitter.com/aniesmania/status/1736594534765916261,https://pbs.twimg.com/ext_tw_video_thumb/1736594458815410176/pu/img/Oak0Y59ZdoKQQqTQ.jpg,,Pres,Anies,P1,2023-12-18,@partaisocmed wih mbak inayah berani banget ğŸ‘  #ndasmuetik https://t.co/yh3fucgzrw
2023-12-22 20:26:14+07:00,1738189202934960216,Cak @cakimiNOW yang paling penting adalah kemampuan membaca skala prioritas. Seluruh proyek besar yang ambisius  IKN salah satunya  padahal dananya bisa untuk membangun seluruh jalan atau sekolah yang di Kalimantan. https://t.co/xijKmcIrdH,6,17,301,701,id,1493158746205614080,1738189202934960216,LANGKAHANIES,https://twitter.com/LANGKAHANIES/status/1738189202934960216,https://pbs.twimg.com/ext_tw_video_thumb/1738188913548853249/pu/img/DvdmpK3FIvdmx_EV.jpg,,Pres,Anies,P1,2023-12-22,cak @cakiminow yang paling penting adalah kemampuan membaca skala prioritas. seluruh proyek besar yang ambisius  ikn salah satunya  padahal dananya bisa untuk membangun seluruh jalan atau sekolah yang di kalimantan. https://t.co/xijkmcirdh
2023-12-16 11:38:08+07:00,1735881974945132702,Balik ke setelan pabrik ğŸ˜Š  #gemoysian #tantrum #ndasmu https://t.co/MIoOQlKl0i,14,25,183,388,id,836539655478624258,1735881974945132702,aniesmania,https://twitter.com/aniesmania/status/1735881974945132702,https://pbs.twimg.com/ext_tw_video_thumb/1735881914169630720/pu/img/Cu2c8f_DJV0TDap0.jpg,,Pres,Anies,P1,2023-12-16,balik ke setelan pabrik ğŸ˜Š  #gemoysian #tantrum #ndasmu https://t.co/miooqlkl0i
2023-12-11 19:40:08+07:00,1734191333529858366,Itu dia bilang program tsb sudah jalan di 76 negara dan dirasakan oleh 400 juta anak (2:40). Ini pendukung capres mana sih biar gue tandain.  https://t.co/e0OpgyQHHl,3,5,26,39,id,36551612,1734191333529858366,catuaries,https://twitter.com/catuaries/status/1734191333529858366,,"-6.769565940997219, 106.963877",Wapres,Gibran,P2,2023-12-11,itu dia bilang program tsb sudah jalan di 76 negara dan dirasakan oleh 400 juta anak (2:40). ini pendukung capres mana sih biar gue tandain.  https://t.co/e0opgyqhhl
2023-12-23 08:34:23+07:00,1738372447563600367,yang bisa dilakukan moderator ketika debat: 1. mempersilakan penanya untuk menjelaskan kepanjangan SGIE secara singkat dalam kapasitas menjawab 2. memperingatkan untuk menjelaskan akronim2 yang dipakai  pun moderator ga tau maksudnya  tapi moderator di sini cuma jd time keeper ğŸ˜‚,0,0,9,35,id,81403525,1738372447563600367,gibsgibgib,https://twitter.com/gibsgibgib/status/1738372447563600367,,,Wapres,Gibran,P2,2023-12-23,yang bisa dilakukan moderator ketika debat: 1. mempersilakan penanya untuk menjelaskan kepanjangan sgie secara singkat dalam kapasitas menjawab 2. memperingatkan untuk menjelaskan akronim2 yang dipakai  pun moderator ga tau maksudnya  tapi moderator di sini cuma jd time keeper ğŸ˜‚
2023-12-05 05:45:24+07:00,1731806941457047802,@Dennysiregar7 Udah diakui.. Si anis dkk yg usulin Salut kali ini lu ga langsung fitnah... Ga kaya kawan kawan lu...  Jaga kualitas lu bro... Mantab https://t.co/KfTmWOnH0w,0,0,0,0,id,1345553197952245760,1731283357323976759,BETA_sayange,https://twitter.com/BETA_sayange/status/1731806941457047802,,,Wapres,Imin,P1,2023-12-05,@dennysiregar7 udah diakui.. si anis dkk yg usulin salut kali ini lu ga langsung fitnah... ga kaya kawan kawan lu...  jaga kualitas lu bro... mantab https://t.co/kftmwonh0w
2023-12-08 04:25:29+07:00,1732873989977182371,Bulan maret 2024 dapet pengumuman selamat dan ada barcode pendaftaran,36,36,402,1108,id,1698517789697294336,1732873989977182371,gibbstudyy,https://twitter.com/gibbstudyy/status/1732873989977182371,,"Palembang, South Sumatra",Wapres,Gibran,P2,2023-12-08,bulan maret 2024 dapet pengumuman selamat dan ada barcode pendaftaran
2023-12-07 10:05:06+07:00,1732597069226123471,Wkwk cawapres yg didukung demokrat ğŸ˜ƒ https://t.co/p7tAP6J7Qv,18,85,193,620,id,1270980383761330176,1732597069226123471,Tan_Mar3M,https://twitter.com/Tan_Mar3M/status/1732597069226123471,,,Wapres,Gibran,P2,2023-12-07,wkwk cawapres yg didukung demokrat ğŸ˜ƒ https://t.co/p7tap6j7qv
2023-12-05 00:05:15+07:00,1731721336773615908,Cak  Indonesia bukan Stadion. Bangun stadion bertaraf internasional tidak cukup utk menggambarkan keberhasilan  https://t.co/mk6DHaatO8  Kompascom+ baca berita tanpa iklan: https://t.co/2Jwtus8c4i Download aplikasi: https://t.co/PYCaRbCCcT https://t.co/mk6DHaatO8,0,0,0,0,id,1179824329,1731721336773615908,juarajuntak,https://twitter.com/juarajuntak/status/1731721336773615908,,Tangerang,Wapres,Imin,P1,2023-12-05,cak  indonesia bukan stadion. bangun stadion bertaraf internasional tidak cukup utk menggambarkan keberhasilan  https://t.co/mk6dhaato8  kompascom+ baca berita tanpa iklan: https://t.co/2jwtus8c4i download aplikasi: https://t.co/pycarbccct https://t.co/mk6dhaato8
2023-12-25 19:00:51+07:00,1739254876729921836,"TIM KOSMETIKA BERMUNCULAN |  Konsekuensi logis memoles stunting nalar"" anak haram konstitusi dengan segala hafalannya.  'Thick headed. Songong. ""Kosong"". . . | PinjÃ¨m dulu 1 4 M ğŸ˜ğŸ¸ #AnakHaramKonstitusi https://t.co/dzKT825WRv""",8,96,236,669,id,1159689173340585984,1739254876729921836,__AnakKolong,https://twitter.com/__AnakKolong/status/1739254876729921836,,Wherever you're not lookin',Wapres,Gibran,P2,2023-12-25,"tim kosmetika bermunculan |  konsekuensi logis memoles stunting nalar"" anak haram konstitusi dengan segala hafalannya.  'thick headed. songong. ""kosong"". . . | pinjÃ¨m dulu 1 4 m ğŸ˜ğŸ¸ #anakharamkonstitusi https://t.co/dzkt825wrv"""
2023-12-25 17:09:46+07:00,1739226925107909102,@geloraco Â°Â° Dajjal dan antekÂ²nya memang hobi banget sih memutarbalikkan fakta  spt yg haq dibilang bathil dan yg jelas2 bathil mereka kampanyekan sbg sesuatu yg haq. Itulah sejatinya ideologi Dajjal. ~ https://t.co/HYFOPU739z,0,4,8,51,id,1109669267639697408,1739209426664603857,AiraAfniAmalia,https://twitter.com/AiraAfniAmalia/status/1739226925107909102,,,Pres,Prabowo,P2,2023-12-25,@geloraco Â°Â° dajjal dan antekÂ²nya memang hobi banget sih memutarbalikkan fakta  spt yg haq dibilang bathil dan yg jelas2 bathil mereka kampanyekan sbg sesuatu yg haq. itulah sejatinya ideologi dajjal. ~ https://t.co/hyfopu739z
2023-12-23 00:06:42+07:00,1738244683279839313,Halo om google...  Ini dari jaringan debat cawapres.   Bolh minta data gak. Berapa impestor asing yg udh masuk Ikn.   Sedayu mayapada  ntu sih lokal punya. ğŸ˜„ https://t.co/RS9ngV9kQw,0,7,7,32,id,1613404169997783040,1738244683279839313,Cimbara,https://twitter.com/Cimbara/status/1738244683279839313,,"Jakarta Barat, DKI Jakarta",Wapres,Gibran,P2,2023-12-23,halo om google...  ini dari jaringan debat cawapres.   bolh minta data gak. berapa impestor asing yg udh masuk ikn.   sedayu mayapada  ntu sih lokal punya. ğŸ˜„ https://t.co/rs9ngv9kqw
2023-12-24 14:13:05+07:00,1738820072456823226,Para cawapres mengumbar banyak janji dalam debat pada 22 Desember 2023. https://t.co/DjVhYgfgTs,0,0,1,2,id,23343960,1738820072456823226,kompascom,https://twitter.com/kompascom/status/1738820072456823226,,Jakarta,Wapres,Imin,P1,2023-12-24,para cawapres mengumbar banyak janji dalam debat pada 22 desember 2023. https://t.co/djvhygfgts
2023-12-22 15:19:18+07:00,1738111958648590510,Kita Antar @cakimiNOW Maju di Panggung Debat CAWAPRES Nanti Malam Diiringi Sholawat Asyghil. #CakIminMenangDebat @voiceofpkb @DPP_PKB https://t.co/Op1hzDQMk5,8,19,365,991,id,1335552103457034240,1738111958648590510,SOBAT_ANIES,https://twitter.com/SOBAT_ANIES/status/1738111958648590510,https://pbs.twimg.com/ext_tw_video_thumb/1738111905246670848/pu/img/BimgLpociRhLtkjq.jpg,"Surakarta, Jawa Tengah",Pres,Anies,P1,2023-12-22,kita antar @cakiminow maju di panggung debat cawapres nanti malam diiringi sholawat asyghil. #cakiminmenangdebat @voiceofpkb @dpp_pkb https://t.co/op1hzdqmk5
2023-12-23 04:21:59+07:00,1738308926767292611,@CNNIndonesia SGIE : Si Gemoy Itu Emosian https://t.co/r0wpD747Wc,1,6,22,117,id,1662785339113746434,1738218463288819930,ABasweddan,https://twitter.com/ABasweddan/status/1738308926767292611,https://pbs.twimg.com/ext_tw_video_thumb/1738308911323926528/pu/img/cPZmN5jf0-W2G5et.jpg,,Pres,Anies,P1,2023-12-23,@cnnindonesia sgie : si gemoy itu emosian https://t.co/r0wpd747wc
2023-12-14 19:10:37+07:00,1735271070280945875,kemarin 10 Desember 2023  Rock in Solo 2023 berhasil digelar dengan spektakuler di Benteng Vastenburg. Ribuan penonton memadati arena untuk menjadi saksi festival musik keras yang dibintangi musisi lokal hingga internasional. https://t.co/E89xv3nJYK,22,524,226,1305,id,1356478042797797377,1735271070280945875,gibran_tweet,https://twitter.com/gibran_tweet/status/1735271070280945875,https://pbs.twimg.com/ext_tw_video_thumb/1735271004786831360/pu/img/soHdeDdQy62fULa3.jpg,,Wapres,Gibran,P2,2023-12-14,kemarin 10 desember 2023  rock in solo 2023 berhasil digelar dengan spektakuler di benteng vastenburg. ribuan penonton memadati arena untuk menjadi saksi festival musik keras yang dibintangi musisi lokal hingga internasional. https://t.co/e89xv3njyk
2023-12-19 07:40:29+07:00,1736909329595576708,Nih mbah @UyokBack tak kasih kiriman bulikku yang ikutan Jalan Sehat bareng pak SBY  Gak ada kampanye disitu.. ğŸ˜¬ https://t.co/ZDyUdytaV6,2,3,13,22,id,158912165,1736909329595576708,JHPrabowo,https://twitter.com/JHPrabowo/status/1736909329595576708,https://pbs.twimg.com/media/GBq9zPTbAAAjsJY.jpg,Citayem California ,Pres,Prabowo,P2,2023-12-19,nih mbah @uyokback tak kasih kiriman bulikku yang ikutan jalan sehat bareng pak sby  gak ada kampanye disitu.. ğŸ˜¬ https://t.co/zdyudytav6
2023-12-24 21:19:45+07:00,1738927445221474605,Saya bersama Menko PMK  Wamenag RI &amp; Kasum TNI  meninjau pam ibadah Natal 2023 pada 3 Gereja di Jakarta guna memastikan  keg. ibadah natal berjalan dengan aman &amp; lancar  Saya berpesan agar masyarakat senantiasa menjaga persatuan &amp; kesatuan meskipun memiliki perbedaan dalam tahunâ€¦ https://t.co/YdNthjwSx3,3,16,46,168,id,1431117605775949824,1738927445221474605,ListyoSigitP,https://twitter.com/ListyoSigitP/status/1738927445221474605,https://pbs.twimg.com/media/GCHpQ9EaQAAFgAl.jpg,,Pres,Prabowo,P2,2023-12-24,saya bersama menko pmk  wamenag ri &amp; kasum tni  meninjau pam ibadah natal 2023 pada 3 gereja di jakarta guna memastikan  keg. ibadah natal berjalan dengan aman &amp; lancar  saya berpesan agar masyarakat senantiasa menjaga persatuan &amp; kesatuan meskipun memiliki perbedaan dalam tahunâ€¦ https://t.co/ydnthjwsx3
2023-12-19 17:08:21+07:00,1737052238424756331,Saat di Lubuklinggau  kami sempatkan makan siang di RM Pindang Rupit milik Ibu Yosi. Tempatnya nyaman dan menunya enak-enak. Salah satunya menu rekomendasi kami  pindang tempoyak ikan tapa  bumbunya terasa dan nikmat sekali.   Kalau kuliner khas Sumatera Selatan versi teman-temanâ€¦ https://t.co/4ocCjAYU1a,245,55,656,2120,id,110312278,1737052238424756331,aniesbaswedan,https://twitter.com/aniesbaswedan/status/1737052238424756331,https://pbs.twimg.com/ext_tw_video_thumb/1737048573097967616/pu/img/R31K8gQeP38WLHds.jpg,Indonesia,Pres,Anies,P1,2023-12-19,saat di lubuklinggau  kami sempatkan makan siang di rm pindang rupit milik ibu yosi. tempatnya nyaman dan menunya enak-enak. salah satunya menu rekomendasi kami  pindang tempoyak ikan tapa  bumbunya terasa dan nikmat sekali.   kalau kuliner khas sumatera selatan versi teman-temanâ€¦ https://t.co/4occjayu1a
2023-12-19 20:50:48+07:00,1737108221654155692,orang gila ada lagi takut paslonnya kalahğŸ˜‚ğŸ˜‚ğŸ˜‚  https://t.co/pTq4SutGwF,0,8,5,21,id,1530146266822258688,1737108221654155692,zy_zy_its_me,https://twitter.com/zy_zy_its_me/status/1737108221654155692,,"DKI Jakarta, Indonesia",Pres,Prabowo,P2,2023-12-19,orang gila ada lagi takut paslonnya kalahğŸ˜‚ğŸ˜‚ğŸ˜‚  https://t.co/ptq4sutgwf
2023-12-05 20:48:41+07:00,1732034258750099526,BETUL KT BU MEGA  BARU BERKUASA SBT SDH SPT ORBA sejak 98 ga ada larangan u seni Kebebasan seni dilindungi  UU direktorat kebudayaan Baru kali ini polisi larang seni  u narasi politik  PRESIDEN NOW LBH DR ORBA rangkul orba khianati rakyat Khianati PDIP Ga malu2 langgar UUâ€¦ https://t.co/470dSCrZ2c,3,7,62,118,id,1637841258231271424,1732034258750099526,Ganjar_Mahfud03,https://twitter.com/Ganjar_Mahfud03/status/1732034258750099526,https://pbs.twimg.com/ext_tw_video_thumb/1732033324095582208/pu/img/zHoeSS8I5VcQCPIn.jpg,Indonesia,Pres,Ganjar,P3,2023-12-05,betul kt bu mega  baru berkuasa sbt sdh spt orba sejak 98 ga ada larangan u seni kebebasan seni dilindungi  uu direktorat kebudayaan baru kali ini polisi larang seni  u narasi politik  presiden now lbh dr orba rangkul orba khianati rakyat khianati pdip ga malu2 langgar uuâ€¦ https://t.co/470dscrz2c
2023-12-11 13:57:38+07:00,1734105143053046214,@HaramAsoy @Yattie2023 @Jason_scalper @ChallsOfrivia Untuk mencapai masa depan belajar dari masa lalu. 2019 masih diulangi tuh sujudnya?ğŸ¤£ğŸ¤£ğŸ¤£ğŸ¤£  Nihhh   https://t.co/pQFMZxDgss,0,3,0,0,id,217651975,1733834481042419991,Amotsky,https://twitter.com/Amotsky/status/1734105143053046214,,,Pres,Prabowo,P2,2023-12-11,@haramasoy @yattie2023 @jason_scalper @challsofrivia untuk mencapai masa depan belajar dari masa lalu. 2019 masih diulangi tuh sujudnya?ğŸ¤£ğŸ¤£ğŸ¤£ğŸ¤£  nihhh   https://t.co/pqfmzxdgss
2023-12-12 22:42:29+07:00,1734599611401257130,@kegblgnunfaedh 3 Capres sepakat soal pemberantasan korupsi hingga akar-akarnya https://t.co/P5GVenMOff,3,7,1,36,id,132078023,1734597960447733900,officialinews_,https://twitter.com/officialinews_/status/1734599611401257130,,iNews Tower,Pres,Ganjar,P3,2023-12-12,@kegblgnunfaedh 3 capres sepakat soal pemberantasan korupsi hingga akar-akarnya https://t.co/p5gvenmoff
2023-12-17 19:15:58+07:00,1736359578152116526,@berlianidris Ternyata TKN 02 memilih BUNGKAM atas kasus ini... Tanya kenapa? https://t.co/cHwtF4xNmU,0,0,1,2,id,1653948686098124800,1736073969395245562,Nalar_Politik,https://twitter.com/Nalar_Politik/status/1736359578152116526,https://pbs.twimg.com/media/GBjJ1LJbkAAcmIk.jpg,Indonesia,Wapres,Gibran,P2,2023-12-17,@berlianidris ternyata tkn 02 memilih bungkam atas kasus ini... tanya kenapa? https://t.co/chwtf4xnmu
2023-12-09 17:48:10+07:00,1733438381374492751,Kalo kesalahan ucap asam sulfat lebih parah ya dr soal kesalahan Menkopolhukamnya ğŸ¤¦ https://t.co/Y4llKrCEjm,0,1,1,7,id,1614470115210457090,1733438381374492751,G4b0nGOKU,https://twitter.com/G4b0nGOKU/status/1733438381374492751,,"DKI Jakarta, Indonesia",Akronim,GaMa,P3,2023-12-09,kalo kesalahan ucap asam sulfat lebih parah ya dr soal kesalahan menkopolhukamnya ğŸ¤¦ https://t.co/y4llkrcejm
2023-12-08 18:06:44+07:00,1733080664134861026,Menurut Ketua Umum DPP GMNI  Arjuna Putra Aldino  pelibatan anak-anak jelas melanggar UU. UU Nomor 7 Tahun 2017 tentang Pemilu Pasal 280 ayat (2) huruf k yg menyatakan bahwa anak usia 17 tahun ke bawah tidak boleh diikutsertakan dalam kegiatan kampanye.  https://t.co/g6Al7ucbbn,2,5,28,75,id,715696111,1733080664134861026,bos_sir,https://twitter.com/bos_sir/status/1733080664134861026,,Nusantara,Wapres,Gibran,P2,2023-12-08,menurut ketua umum dpp gmni  arjuna putra aldino  pelibatan anak-anak jelas melanggar uu. uu nomor 7 tahun 2017 tentang pemilu pasal 280 ayat (2) huruf k yg menyatakan bahwa anak usia 17 tahun ke bawah tidak boleh diikutsertakan dalam kegiatan kampanye.  https://t.co/g6al7ucbbn
2023-12-23 01:58:24+07:00,1738272792901267624,Pelanggaran dmi pelanggaran dilakukan 02 KPU masuk angin https://t.co/kUNRw2V4Hg,0,0,0,1,id,1603619423205539840,1738272792901267624,ota_bibar2,https://twitter.com/ota_bibar2/status/1738272792901267624,,,Wapres,Imin,P1,2023-12-23,pelanggaran dmi pelanggaran dilakukan 02 kpu masuk angin https://t.co/kunrw2v4hg
2023-12-22 23:49:32+07:00,1738240364044300306,Capres yang kelakuannya seperti inikah yang didukung.oleh @jokowi ?  Capek deh..Nyesel kami dukung 2 periode.  @_G03NT03R_  @Ari3Pras  @Miduk17  @Twillight_Loid  @feroferraferri  @NdiTNB  @Verraagustian_ https://t.co/0hdWHDiklm,0,2,3,5,id,278039207,1738240364044300306,Megatop99,https://twitter.com/Megatop99/status/1738240364044300306,https://pbs.twimg.com/ext_tw_video_thumb/1738240328392675329/pu/img/sxD1y7K7qCpyAzsf.jpg,Indonesia,Wapres,Mahfud,P3,2023-12-22,capres yang kelakuannya seperti inikah yang didukung.oleh @jokowi ?  capek deh..nyesel kami dukung 2 periode.  @_g03nt03r_  @ari3pras  @miduk17  @twillight_loid  @feroferraferri  @nditnb  @verraagustian_ https://t.co/0hdwhdiklm
2023-12-14 09:57:10+07:00,1735131787658252573,PERTUNJUKAN NIRADAB DARI PASLON AIB DEMOKRASI.  Cawapres Muda gak Beretika membuat suasana Debat Pilpres selayak pertandingan Futsal anak STM.  Dan itu malah membuat Pasangannya Capres Tua gak Berakhlak semakin bertingkah selayak emak2 komplek rumpi. ğŸ˜¤ https://t.co/ZTwhSc3Y1I,2,4,15,29,id,1556789140435324929,1735131787658252573,Kanjeng2022,https://twitter.com/Kanjeng2022/status/1735131787658252573,,"Bumi Agung, Indonesia",Wapres,Gibran,P2,2023-12-14,pertunjukan niradab dari paslon aib demokrasi.  cawapres muda gak beretika membuat suasana debat pilpres selayak pertandingan futsal anak stm.  dan itu malah membuat pasangannya capres tua gak berakhlak semakin bertingkah selayak emak2 komplek rumpi. ğŸ˜¤ https://t.co/ztwhsc3y1i
2023-12-16 09:06:37+07:00,1735843844179259586,@yusufagro @AgusYudhoyono @alextham878 @AlmaghribiS @andre_rosiade @BANGSAygSUJUD @Kimberley_2024 @Chaves1305 @Kenikir27 @G0mb4k @Gerindra Kalo bukan jongos cukong ga mungkin ngotot project IKN  tidak pernah korupsi?ğŸ¤£ cek duluğŸ‘‡  https://t.co/BkjTC3AGSN  Lain kali buzzer klo mau bernarasi cek data dulu biar ga sesumbar ğŸ¤£,1,3,11,64,id,1235210306940325888,1735796597202788436,Aisyana_dia,https://twitter.com/Aisyana_dia/status/1735843844179259586,,"25th Gate, Medina",Pres,Prabowo,P2,2023-12-16,@yusufagro @agusyudhoyono @alextham878 @almaghribis @andre_rosiade @bangsaygsujud @kimberley_2024 @chaves1305 @kenikir27 @g0mb4k @gerindra kalo bukan jongos cukong ga mungkin ngotot project ikn  tidak pernah korupsi?ğŸ¤£ cek duluğŸ‘‡  https://t.co/bkjtc3agsn  lain kali buzzer klo mau bernarasi cek data dulu biar ga sesumbar ğŸ¤£
2023-12-09 16:22:32+07:00,1733416830994370903,menurut aku momen ini termasuk momen bersejarah soalnya kapan lagi liat hc malu-malu kaya gini terus mk memaksa buat fotbar bareng di depan penonton serame ini xixi  mana di sorakin kaya liat temen kelas fotbar sama crushnya ğŸ¤­ https://t.co/bi3pJVI0ok,5,1,168,605,id,1691375991678230529,1733416830994370903,nakutinn,https://twitter.com/nakutinn/status/1733416830994370903,https://pbs.twimg.com/ext_tw_video_thumb/1733416705521807360/pu/img/QucElTZRlAeTVnTJ.jpg,RPS MARKHYUCK ,Wapres,Mahfud,P3,2023-12-09,menurut aku momen ini termasuk momen bersejarah soalnya kapan lagi liat hc malu-malu kaya gini terus mk memaksa buat fotbar bareng di depan penonton serame ini xixi  mana di sorakin kaya liat temen kelas fotbar sama crushnya ğŸ¤­ https://t.co/bi3pjvi0ok
2023-12-07 19:16:39+07:00,1732735872565657753,kemarin pada tanggal 5 desember 2023 jam 21.00 akses jalan di Simpang Joglo dibuka sementara. Pembukaan ini dilakukan untuk melancarkan lalu lintas ketika liburan akhir tahun nanti. https://t.co/x3Q2X6clRf,11,365,141,832,id,1356478042797797377,1732735872565657753,gibran_tweet,https://twitter.com/gibran_tweet/status/1732735872565657753,https://pbs.twimg.com/ext_tw_video_thumb/1732735770132414464/pu/img/Oaa_HzaP8gu2Us49.jpg,,Wapres,Gibran,P2,2023-12-07,kemarin pada tanggal 5 desember 2023 jam 21.00 akses jalan di simpang joglo dibuka sementara. pembukaan ini dilakukan untuk melancarkan lalu lintas ketika liburan akhir tahun nanti. https://t.co/x3q2x6clrf
2023-12-14 15:49:36+07:00,1735220480838389871,Lu ketawain Angin masalah Polusi diketawain org Malaysia dan Singapura Lo  Angin itu bsa membawa polusi  Hutan kita yg dibakar  Malaysia dan Singapura yg menderita  Keliatan dungu lu klo gak percaya angin bisa membawa polusi,5,15,90,336,id,164778726,1735220480838389871,dusrimulya,https://twitter.com/dusrimulya/status/1735220480838389871,,Weltevreden,Pres,Anies,P1,2023-12-14,lu ketawain angin masalah polusi diketawain org malaysia dan singapura lo  angin itu bsa membawa polusi  hutan kita yg dibakar  malaysia dan singapura yg menderita  keliatan dungu lu klo gak percaya angin bisa membawa polusi
2023-12-25 14:01:10+07:00,1739179460556152893,@MARQUEZ__93 Sapa tau ada yg nanya kok Wowo ga diadili   ni kata komandan polisi militer waktu itu ğŸ¤­ https://t.co/3VzbWXbTsC,0,1,4,7,id,1397211081127260160,1739173871784529936,IjoelSi,https://twitter.com/IjoelSi/status/1739179460556152893,,,Pres,Prabowo,P2,2023-12-25,@marquez__93 sapa tau ada yg nanya kok wowo ga diadili   ni kata komandan polisi militer waktu itu ğŸ¤­ https://t.co/3vzbwxbtsc
2023-12-05 07:06:30+07:00,1731827347781808299,Panjang nih ceritanya  dah lama UU MK tak dibahas ini mendadak dibahas dan sidangnya tidak d Gedung DPR tapi justru sewa hotel..ada apa ini ?  https://t.co/ilgHvA8W3m,0,1,0,2,id,1614470115210457090,1731827347781808299,G4b0nGOKU,https://twitter.com/G4b0nGOKU/status/1731827347781808299,,Jakarta Capital Region,Akronim,GaMa,P3,2023-12-05,panjang nih ceritanya  dah lama uu mk tak dibahas ini mendadak dibahas dan sidangnya tidak d gedung dpr tapi justru sewa hotel..ada apa ini ?  https://t.co/ilghva8w3m
2023-12-25 08:39:20+07:00,1739098467090510003,Natal menghadirkan semangat membangun kesetaraan dan kebersamaan di tengah-tengah kita  sesama anak bangsa.  Esensi pelaksanaan Natal ini tentu bukan hanya sebatas ibadah rutinitas semata  tapi Natal adalah momentum menumbuhkan kemanusiaan  memperkuat etika  kejujuran dan cintaâ€¦ https://t.co/vcu8I4encX,7,70,476,1591,id,1490116879,1739098467090510003,cakimiNOW,https://twitter.com/cakimiNOW/status/1739098467090510003,https://pbs.twimg.com/amplify_video_thumb/1739096985599410176/img/FYyEBQrEw9uq5a2p.jpg,Indonesia,Wapres,Imin,P1,2023-12-25,natal menghadirkan semangat membangun kesetaraan dan kebersamaan di tengah-tengah kita  sesama anak bangsa.  esensi pelaksanaan natal ini tentu bukan hanya sebatas ibadah rutinitas semata  tapi natal adalah momentum menumbuhkan kemanusiaan  memperkuat etika  kejujuran dan cintaâ€¦ https://t.co/vcu8i4encx
2023-12-09 15:51:09+07:00,1733408934961320431,Lagi jalan ketemu Haeyeon Kim  mahasiswa S3 Hankuk University of Foreign Studies Seoul. Kaget juga ada anak korea yang lancar bahasa Indonesia. Rupanya Kim pernah lama di Jogja ketika pertukaran pelajar di UGM. Senang sekali mengetahui banyak anak-anak muda di luar negeri yangâ€¦ https://t.co/jwWiYXjVk9,12,2031,1470,4092,id,109762193,1733408934961320431,ganjarpranowo,https://twitter.com/ganjarpranowo/status/1733408934961320431,https://pbs.twimg.com/media/GA5OPJlasAAyFOp.jpg,Indonesia,Pres,Ganjar,P3,2023-12-09,lagi jalan ketemu haeyeon kim  mahasiswa s3 hankuk university of foreign studies seoul. kaget juga ada anak korea yang lancar bahasa indonesia. rupanya kim pernah lama di jogja ketika pertukaran pelajar di ugm. senang sekali mengetahui banyak anak-anak muda di luar negeri yangâ€¦ https://t.co/jwwiyxjvk9
2023-12-16 07:45:51+07:00,1735823518821167421,Semalam mengikuti refleksi menyambut Natal sekaligus Tahun Baru 2024  DPP PKB dan BERANI (Badan Persaudaraan Antar Iman) yang digelar di Gedung Nusantara IV DPR RI  kebetulan saya mengikutinya via virtual karena masih menjalankan ibadah Umroh di Tanah Suci.  PKB sejak didirikanâ€¦ https://t.co/gKHlHf8gqy,5,57,555,2411,id,1490116879,1735823518821167421,cakimiNOW,https://twitter.com/cakimiNOW/status/1735823518821167421,https://pbs.twimg.com/media/GBbiSPiaIAAe-GJ.jpg,Indonesia,Wapres,Imin,P1,2023-12-16,semalam mengikuti refleksi menyambut natal sekaligus tahun baru 2024  dpp pkb dan berani (badan persaudaraan antar iman) yang digelar di gedung nusantara iv dpr ri  kebetulan saya mengikutinya via virtual karena masih menjalankan ibadah umroh di tanah suci.  pkb sejak didirikanâ€¦ https://t.co/gkhlhf8gqy
2023-12-13 22:42:34+07:00,1734962019475042797,KPU menyebut  teguran itu akan disampaikan saat rapat evaluasi bersama tim pasangan calon. #newsupdate #update #news #text https://t.co/YwX3rfmDci,18,44,40,120,id,759692754985242625,1734962019475042797,kumparan,https://twitter.com/kumparan/status/1734962019475042797,,,Wapres,Gibran,P2,2023-12-13,kpu menyebut  teguran itu akan disampaikan saat rapat evaluasi bersama tim pasangan calon. #newsupdate #update #news #text https://t.co/ywx3rfmdci
2023-12-07 19:28:34+07:00,1732738872524571134,Bu dokter   tolong jelaskan stunting itu apa  bgmn pencegahannya.  Mrk belum faham.  Susu tinggi gula  nasi bungkus  apa benar mencegah stunting. Kesian kan badan tinggi  tapi diabetes. Salah ngomong asam sulfat  diketawain...ğŸ˜  *Joget2LagiDah-JitakNih  https://t.co/fJMel2Ywz7,2,9,121,298,id,83867535,1732738872524571134,tifsembiring,https://twitter.com/tifsembiring/status/1732738872524571134,,Indonesia,Wapres,Gibran,P2,2023-12-07,bu dokter   tolong jelaskan stunting itu apa  bgmn pencegahannya.  mrk belum faham.  susu tinggi gula  nasi bungkus  apa benar mencegah stunting. kesian kan badan tinggi  tapi diabetes. salah ngomong asam sulfat  diketawain...ğŸ˜  *joget2lagidah-jitaknih  https://t.co/fjmel2ywz7
2023-12-09 03:00:12+07:00,1733214916834893937,@kiki_daliyo Setuju banget dan bakalan mendukung banget program ğˆğ§ğ­ğğ«ğ§ğğ­ ğ†ğ«ğšğ­ğ¢ğ¬ ğ†ğšğ§ğ£ğšğ« ini  https://t.co/zYkouSn0Kt,0,0,0,0,id,1681833364540760064,1733013255059394987,Akyusyantik_,https://twitter.com/Akyusyantik_/status/1733214916834893937,,,Pres,Ganjar,P3,2023-12-09,@kiki_daliyo setuju banget dan bakalan mendukung banget program ğˆğ§ğ­ğğ«ğ§ğğ­ ğ†ğ«ğšğ­ğ¢ğ¬ ğ†ğšğ§ğ£ğšğ« ini  https://t.co/zykousn0kt
2023-12-20 23:47:14+07:00,1737515011004883230,@__AnakKolong Itulah yg disebut Politik Dinasti..yaitu mencalonkan anggota keluarga sbg calon penguasa disaat dirinya masih dan sedang menjadi Penguasa. Ayo Tenggelankan karier politik Keluarga Pengkhianat pelaku politik dinasti nanti di Pemilu dan Pilpres 2024.,0,3,15,155,id,278039207,1737509678131875903,Megatop99,https://twitter.com/Megatop99/status/1737515011004883230,,Indonesia,Wapres,Mahfud,P3,2023-12-20,@__anakkolong itulah yg disebut politik dinasti..yaitu mencalonkan anggota keluarga sbg calon penguasa disaat dirinya masih dan sedang menjadi penguasa. ayo tenggelankan karier politik keluarga pengkhianat pelaku politik dinasti nanti di pemilu dan pilpres 2024.
2023-12-24 18:20:26+07:00,1738882318968996214,Rekomendasi channel youtube buat belajar subtest utbk. Edisi di bagi oleh @edternel   âœ¨A threadâœ¨,2,2,229,585,id,1698517789697294336,1738882318968996214,gibbstudyy,https://twitter.com/gibbstudyy/status/1738882318968996214,,"Palembang, South Sumatra",Wapres,Gibran,P2,2023-12-24,rekomendasi channel youtube buat belajar subtest utbk. edisi di bagi oleh @edternel   âœ¨a threadâœ¨
2023-12-18 12:29:44+07:00,1736619737155780932,Nyatanya  KemarinJKW SkarangPakbowo bisa memberikan inspirasi dan mengajak warga negara untuk terlibat aktif pada memajukan bangsa.  #MakinjelasMasbowoaja Goodbye KampanyeJahat https://t.co/T5BzErevLp,0,3,3,14,id,1546763856311361536,1736619737155780932,bungpeciprabowo,https://twitter.com/bungpeciprabowo/status/1736619737155780932,https://pbs.twimg.com/ext_tw_video_thumb/1736619701541982208/pu/img/zD7Ky2f84-PMEw3Q.jpg,Jakarta,Pres,Prabowo,P2,2023-12-18,nyatanya  kemarinjkw skarangpakbowo bisa memberikan inspirasi dan mengajak warga negara untuk terlibat aktif pada memajukan bangsa.  #makinjelasmasbowoaja goodbye kampanyejahat https://t.co/t5bzerevlp
2023-12-16 18:42:23+07:00,1735988738503942628,Bukannya Rini Soemarno masih di PDIP atau sudah keluar dari PDIP ? https://t.co/aApo02OKE4  BISA KELAR HIDUP LHO PDI-P,0,9,6,22,id,1707296384347697152,1735988738503942628,icikiwir_08,https://twitter.com/icikiwir_08/status/1735988738503942628,,,Pres,Prabowo,P2,2023-12-16,bukannya rini soemarno masih di pdip atau sudah keluar dari pdip ? https://t.co/aapo02oke4  bisa kelar hidup lho pdi-p
2023-12-09 20:45:29+07:00,1733483005547819174,Kampanye?  Koq pake pesawat TNI?  Jgn bilang protokoler,1,7,54,101,id,164778726,1733483005547819174,dusrimulya,https://twitter.com/dusrimulya/status/1733483005547819174,,Weltevreden,Pres,Anies,P1,2023-12-09,kampanye?  koq pake pesawat tni?  jgn bilang protokoler
2023-12-27 23:52:34+07:00,1740053066462965768,@Dennysiregar7 Bali dulu 92% pendukung @jokowi ..sekarang malah bisa2 95%..krn ternyata org yg sdh paham karier politik Jokowi sangat nengerti kalau Jokowi sukses dari bawah sampai skrg itu berkat jasa dari PDIP..jadi kalau berkhianat itu hal yg sangat buruk yg tdk pantas utk didukung.,0,14,5,105,id,278039207,1740040971684020374,Megatop99,https://twitter.com/Megatop99/status/1740053066462965768,,Indonesia,Wapres,Mahfud,P3,2023-12-27,@dennysiregar7 bali dulu 92% pendukung @jokowi ..sekarang malah bisa2 95%..krn ternyata org yg sdh paham karier politik jokowi sangat nengerti kalau jokowi sukses dari bawah sampai skrg itu berkat jasa dari pdip..jadi kalau berkhianat itu hal yg sangat buruk yg tdk pantas utk didukung.
2023-12-25 17:35:28+07:00,1739233390363095241,@kumparan Â°Â° Asoy ada 'Kyai' dukung calon pemimpin yg hobi nonton film dewasa. #KiamatSudahDekat ğŸ¤­ğŸ˜ğŸ˜‚ ~ https://t.co/X4Uxh92Dx6,0,2,1,9,id,1109669267639697408,1739145833805976038,AiraAfniAmalia,https://twitter.com/AiraAfniAmalia/status/1739233390363095241,,,Pres,Ganjar,P3,2023-12-25,@kumparan Â°Â° asoy ada 'kyai' dukung calon pemimpin yg hobi nonton film dewasa. #kiamatsudahdekat ğŸ¤­ğŸ˜ğŸ˜‚ ~ https://t.co/x4uxh92dx6
2023-12-25 16:00:57+07:00,1739209604494717348,@alextham878 Ntr kalau dikasih bukti capres 02 lebih parah sakitnya ngambek  bilang kita menghina. Ah kau ini bodat bisa saja https://t.co/MvRtXN87jA,0,7,2,48,id,2366752034,1739151751897657725,Ganjaran_app,https://twitter.com/Ganjaran_app/status/1739209604494717348,https://pbs.twimg.com/tweet_video_thumb/GCLp6FHawAA7LM-.jpg,Indonesia,Pres,Ganjar,P3,2023-12-25,@alextham878 ntr kalau dikasih bukti capres 02 lebih parah sakitnya ngambek  bilang kita menghina. ah kau ini bodat bisa saja https://t.co/mvrtxn87ja
2023-12-20 13:56:35+07:00,1737366368033628649,Sebaiknya semua aparatur negara PNS TNI/POLRI di perbolehkan berkampanye mendukung paslon yg ada  bila perlu menuntut keadilan ke MK krn itu hak politik setiap warga negara  jgn cuma paslon dri banteng yg boleh ASN kampanye   Sprti bu atiqohğŸ‘‡ğŸ˜Š   https://t.co/2X8N8sgVKT,24,208,43,132,id,815290931003826176,1737366368033628649,blantik_pedhet2,https://twitter.com/blantik_pedhet2/status/1737366368033628649,,"DKI Jakarta, Indonesia",Pres,Ganjar,P3,2023-12-20,sebaiknya semua aparatur negara pns tni/polri di perbolehkan berkampanye mendukung paslon yg ada  bila perlu menuntut keadilan ke mk krn itu hak politik setiap warga negara  jgn cuma paslon dri banteng yg boleh asn kampanye   sprti bu atiqohğŸ‘‡ğŸ˜Š   https://t.co/2x8n8sgvkt
2023-12-14 22:54:37+07:00,1735327442074837219,Kita sama  sebagai rakyat Indonesia. Tidak ada yang lebih rendah. Tidak ada yang lebih tinggi. Mari jalan bersama-sama mewujudkan kemakmuran. Tetap semangat para nelayan  petani  pelaku UMKM dan saudara-saudaraku warga Bekasi. Terus jaga kerukunan. https://t.co/HdDif6kuHj,9,126,622,2320,id,109762193,1735327442074837219,ganjarpranowo,https://twitter.com/ganjarpranowo/status/1735327442074837219,https://pbs.twimg.com/media/GBUfGdgbkAA6F5a.jpg,Indonesia,Pres,Ganjar,P3,2023-12-14,kita sama  sebagai rakyat indonesia. tidak ada yang lebih rendah. tidak ada yang lebih tinggi. mari jalan bersama-sama mewujudkan kemakmuran. tetap semangat para nelayan  petani  pelaku umkm dan saudara-saudaraku warga bekasi. terus jaga kerukunan. https://t.co/hddif6kuhj
2023-12-09 19:28:55+07:00,1733463734524563705,Lagi di puncak nih...lur kok dingin banget puncak sekarang.....ya Tapi kasian liat tetangga kena Longsor dan banjir bandang. Bikin api ungun dulu..ah âœŒï¸âœŒï¸âœŒï¸âœŒï¸âœŒï¸âœŒï¸âœŒï¸ https://t.co/PLVSbFGmQT,3,6,7,19,id,1218988439514693633,1733463734524563705,tukangaduayam,https://twitter.com/tukangaduayam/status/1733463734524563705,https://pbs.twimg.com/media/GA6AFHQakAA3Vo_.jpg,Hadramaut -Yaman,Pres,Anies,P1,2023-12-09,lagi di puncak nih...lur kok dingin banget puncak sekarang.....ya tapi kasian liat tetangga kena longsor dan banjir bandang. bikin api ungun dulu..ah âœŒï¸âœŒï¸âœŒï¸âœŒï¸âœŒï¸âœŒï¸âœŒï¸ https://t.co/plvsbfgmqt
2023-12-25 16:48:23+07:00,1739221542322811146,Manifesting 2024 bisa menuhin ini semua https://t.co/iBiWaxv7ko,4,6,55,424,id,1698517789697294336,1739221542322811146,gibbstudyy,https://twitter.com/gibbstudyy/status/1739221542322811146,https://pbs.twimg.com/media/GCL0xgDakAAeS8v.jpg,"Palembang, South Sumatra",Wapres,Gibran,P2,2023-12-25,manifesting 2024 bisa menuhin ini semua https://t.co/ibiwaxv7ko
2023-12-29 16:16:12+07:00,1740662993212633238,@bengkeldodo @99propaganda @BANGSAygSUJUD @Bank_Joee_ @GembiraJabar @_NusantaraLand_ @Alexemeru @alextham878 @EffendiRistriy1 @Lembayung071 @patriktatang Gak kampanye ya Do? https://t.co/LGuVNxbump,5,24,50,116,id,463062044,1740622239006159257,RBugeh,https://twitter.com/RBugeh/status/1740662993212633238,,,Pres,Anies,P1,2023-12-29,@bengkeldodo @99propaganda @bangsaygsujud @bank_joee_ @gembirajabar @_nusantaraland_ @alexemeru @alextham878 @effendiristriy1 @lembayung071 @patriktatang gak kampanye ya do? https://t.co/lguvnxbump
2023-12-23 01:30:06+07:00,1738265672206201050,Ketua DPD PDIP Jawa Tengah Bambang Wuriyanto atau Bambang Pacul menilai makan siang gratis dengan anggaran Rp 400 triliun tidak masuk akal. #newsupdate #update #news #text https://t.co/bnyT5fZ2TY,4,14,58,210,id,759692754985242625,1738265672206201050,kumparan,https://twitter.com/kumparan/status/1738265672206201050,,,Pres,Prabowo,P2,2023-12-23,ketua dpd pdip jawa tengah bambang wuriyanto atau bambang pacul menilai makan siang gratis dengan anggaran rp 400 triliun tidak masuk akal. #newsupdate #update #news #text https://t.co/bnyt5fz2ty
2023-12-10 16:11:01+07:00,1733776321162236331,Kemarin di Pamekasan skrang di Penjaringan Mau pendukung siapapun jgn pernah libatkan anak pada kampanye politik Msih mw tabrak aturan juga  https://t.co/H4sptJU3pA,1,5,4,19,id,844206338297159681,1733776321162236331,IInayaturahmah,https://twitter.com/IInayaturahmah/status/1733776321162236331,,"Bogor, Jawa Barat",Wapres,Gibran,P2,2023-12-10,kemarin di pamekasan skrang di penjaringan mau pendukung siapapun jgn pernah libatkan anak pada kampanye politik msih mw tabrak aturan juga  https://t.co/h4sptju3pa
2023-12-08 23:53:27+07:00,1733167921466343875,Suara anak muda ini..!! Suara gemoy mana?? AwokAwokAwokAwok.. https://t.co/bbWSpJUkUW,0,0,0,7,id,1717125998238699520,1733167921466343875,GEGAMA_,https://twitter.com/GEGAMA_/status/1733167921466343875,https://pbs.twimg.com/ext_tw_video_thumb/1733167877589778433/pu/img/MUSBPckrG1midvCa.jpg,,Akronim,GaMa,P3,2023-12-08,suara anak muda ini..!! suara gemoy mana?? awokawokawokawok.. https://t.co/bbwspjukuw
2023-12-24 16:38:05+07:00,1738856560548536445,Di depan ribuan mahasiswa se Jateng-DIY  saya bilang kalau belakangan ini memang sering bilang slepet. Sebetulnya slepet ini sama maknanya dengan revolusi. Tapi kata revolusi agak kacau sejak revolusi mental gagal dijalankan dengan baik.  Untuk mewujudkan perubahan tentu perluâ€¦ https://t.co/AoNmkWXVk9,41,376,1191,4706,id,1490116879,1738856560548536445,cakimiNOW,https://twitter.com/cakimiNOW/status/1738856560548536445,https://pbs.twimg.com/media/GCGo0I3bsAANJ0A.jpg,Indonesia,Wapres,Imin,P1,2023-12-24,di depan ribuan mahasiswa se jateng-diy  saya bilang kalau belakangan ini memang sering bilang slepet. sebetulnya slepet ini sama maknanya dengan revolusi. tapi kata revolusi agak kacau sejak revolusi mental gagal dijalankan dengan baik.  untuk mewujudkan perubahan tentu perluâ€¦ https://t.co/aonmkwxvk9
2023-12-16 06:50:58+07:00,1735809705019351405,Wah kalau semakin banyak yang bongkar kampanye bansos terus mau membantah apalagi?!   Yuk gaes kalau ada bansos presiden dijadikan bahan kampanye gemoy samsul kita ramaikan ğŸ’ª  https://t.co/KzI5yAlR6u,28,68,309,711,id,214159664,1735809705019351405,Paltiwest,https://twitter.com/Paltiwest/status/1735809705019351405,,"Medan dan Jakarta, Indonesia",Pres,Prabowo,P2,2023-12-16,wah kalau semakin banyak yang bongkar kampanye bansos terus mau membantah apalagi?!   yuk gaes kalau ada bansos presiden dijadikan bahan kampanye gemoy samsul kita ramaikan ğŸ’ª  https://t.co/kzi5yalr6u
2023-12-08 07:26:04+07:00,1732919437123051866,Cawapres Cak Imin membeberkan fokus pembangunan desa. Dia pun menjanjikan dana desa akan diperbesar jika terpilih jadi Wapres. https://t.co/MLzBiaCy0S,1,0,11,18,id,1484121627575357444,1732919437123051866,BagusMuhaiminS1,https://twitter.com/BagusMuhaiminS1/status/1732919437123051866,,"Simalungun, Sumatera Utara",Wapres,Imin,P1,2023-12-08,cawapres cak imin membeberkan fokus pembangunan desa. dia pun menjanjikan dana desa akan diperbesar jika terpilih jadi wapres. https://t.co/mlzbiacy0s
2023-12-22 21:39:48+07:00,1738207716605341928,Dunia mengakui jika Indonesia punya potensi besar jadi kiblat ekonomi syariah dunia. Juara dunia dalam makanan halal  keuangan syariah  pariwisata ramah muslim  fashion  media dan hiburan  serta obat-obatan dan kosmetik.   Jangan lupa juga soal produk-produk lokal kuasai pasarâ€¦ https://t.co/T336WnXM7z,33,390,837,2973,id,1490116879,1738207716605341928,cakimiNOW,https://twitter.com/cakimiNOW/status/1738207716605341928,https://pbs.twimg.com/media/GB9atDAakAAivsc.jpg,Indonesia,Wapres,Imin,P1,2023-12-22,dunia mengakui jika indonesia punya potensi besar jadi kiblat ekonomi syariah dunia. juara dunia dalam makanan halal  keuangan syariah  pariwisata ramah muslim  fashion  media dan hiburan  serta obat-obatan dan kosmetik.   jangan lupa juga soal produk-produk lokal kuasai pasarâ€¦ https://t.co/t336wnxm7z
2023-12-16 20:36:20+07:00,1736017416860426512,Astaghfirullahal 'azhiim. Kok bilang 'Ndasmu' sama saudara. Sabar dong pak Capres. Apa nggak ada pilihan kata yg lebih sopan...ğŸ¤”  *Can'tControlEmotions  https://t.co/IAcLYpndT2,11,120,318,879,id,83867535,1736017416860426512,tifsembiring,https://twitter.com/tifsembiring/status/1736017416860426512,,Indonesia,Pres,Prabowo,P2,2023-12-16,astaghfirullahal 'azhiim. kok bilang 'ndasmu' sama saudara. sabar dong pak capres. apa nggak ada pilihan kata yg lebih sopan...ğŸ¤”  *can'tcontrolemotions  https://t.co/iaclypndt2
2023-12-21 19:48:56+07:00,1737817425952014792,Maha Benar Wowo dg Segala Perilakunya. (FH). https://t.co/ucvCSncqac,1,2,2,11,id,1040306964100669440,1737817425952014792,NenkMonica,https://twitter.com/NenkMonica/status/1737817425952014792,,"Cengkareng, Indonesia",Wapres,Imin,P1,2023-12-21,maha benar wowo dg segala perilakunya. (fh). https://t.co/ucvcsncqac
2023-12-08 19:11:28+07:00,1733096957751554223,kaya antrian beli cakar ceker ğŸ˜­ğŸ˜­ https://t.co/bgHBWgrPt2,1,4,3,26,id,1691375991678230529,1733096957751554223,nakutinn,https://twitter.com/nakutinn/status/1733096957751554223,https://pbs.twimg.com/amplify_video_thumb/1733094284826742784/img/2NWSUtBq0CTOMfiH.jpg,RPS MARKHYUCK ,Wapres,Mahfud,P3,2023-12-08,kaya antrian beli cakar ceker ğŸ˜­ğŸ˜­ https://t.co/bghbwgrpt2
2023-12-24 19:40:16+07:00,1738902409769013477,Teladan dalam kehidupan pasti kita perlukan. Agar kita selalu dikaruniai kekuatan untuk melakukan kebajikan. Selamat Natal tahun 2023. Semoga seluruh saudara-saudaraku yang merayakan  senantiasa bahagia. https://t.co/hJwBgSaJCN,27,1286,1150,3467,id,109762193,1738902409769013477,ganjarpranowo,https://twitter.com/ganjarpranowo/status/1738902409769013477,https://pbs.twimg.com/ext_tw_video_thumb/1738902328403775488/pu/img/QBmCt_c8kNKxolFi.jpg,Indonesia,Pres,Ganjar,P3,2023-12-24,teladan dalam kehidupan pasti kita perlukan. agar kita selalu dikaruniai kekuatan untuk melakukan kebajikan. selamat natal tahun 2023. semoga seluruh saudara-saudaraku yang merayakan  senantiasa bahagia. https://t.co/hjwbgsajcn
2023-12-22 19:19:30+07:00,1738172407003881921,Siapa Yang Menurutmu Terbaik ?#DebatCawapres RT Ya,6,11,335,208,id,1335552103457034240,1738172407003881921,SOBAT_ANIES,https://twitter.com/SOBAT_ANIES/status/1738172407003881921,,"Surakarta, Jawa Tengah",Pres,Anies,P1,2023-12-22,siapa yang menurutmu terbaik ?#debatcawapres rt ya
2023-12-07 16:42:52+07:00,1732697171798180102,Ganti judul  bukan debat Paslon tapi penyampaian  Program PaslonğŸ¤£  TKN mengusulkan agar masing-masing kandidat lebih banyak memaparkan program dibanding sanggahan. â€œJadi saling sanggahnya yang kita minta untuk dihilangkan atau dikurangkan â€ kata Drajat.   https://t.co/zKZdxE09LP,1,16,2,10,id,1220019150585643009,1732697171798180102,WongAlasRoban,https://twitter.com/WongAlasRoban/status/1732697171798180102,,,Wapres,Gibran,P2,2023-12-07,ganti judul  bukan debat paslon tapi penyampaian  program paslonğŸ¤£  tkn mengusulkan agar masing-masing kandidat lebih banyak memaparkan program dibanding sanggahan. â€œjadi saling sanggahnya yang kita minta untuk dihilangkan atau dikurangkan â€ kata drajat.   https://t.co/zkzdxe09lp
2023-12-22 22:34:56+07:00,1738221591765701055,@ainunnajib Mimin bantu info ya Cak  https://t.co/c6bGQ2NYrP,1,4,3,23,id,552523769,1738208831707214001,KATADATAcoid,https://twitter.com/KATADATAcoid/status/1738221591765701055,,Jakarta,Wapres,Imin,P1,2023-12-22,@ainunnajib mimin bantu info ya cak  https://t.co/c6bgq2nyrp
2023-12-12 09:15:46+07:00,1734396595469512868,Memutuskan perkara seperti ini memangnya sulit ya @bawaslu_RI ??  Pasal dan ayat aturannya jelas Tempat kejadian jelas  Bukti dokumen foto/video jelas Saksinya jg jelas  buaaanyak  https://t.co/LMkvjFi9xT,2,12,64,97,id,545264533,1734396595469512868,WAHYU_UNIFORM,https://twitter.com/WAHYU_UNIFORM/status/1734396595469512868,,Jakarta Pusat,Wapres,Gibran,P2,2023-12-12,memutuskan perkara seperti ini memangnya sulit ya @bawaslu_ri ??  pasal dan ayat aturannya jelas tempat kejadian jelas  bukti dokumen foto/video jelas saksinya jg jelas  buaaanyak  https://t.co/lmkvjfi9xt
2023-12-09 16:57:24+07:00,1733425603439976508,ALAM LBH MUDA GANTENG PINTER DR BELIMBING KARBITANğŸ˜€ Sandiwara Butet   Sy kan anak lurah Bisa rubah UU MK agar jd cawapres  Bpk terbitkan perpres agar anak  ga perlu cuti kampanye  Bpk intervensi UU KPK biar ga usah debat  Boleh pilih MUDA tp  pengalaman Bukan MUDA TP KARBITANâ€¦ https://t.co/BdsJug2CLz,3,2,46,134,id,1637841258231271424,1733425603439976508,Ganjar_Mahfud03,https://twitter.com/Ganjar_Mahfud03/status/1733425603439976508,https://pbs.twimg.com/ext_tw_video_thumb/1733424930765832192/pu/img/nZql0VTvf7TpQFVs.jpg,Indonesia,Pres,Ganjar,P3,2023-12-09,alam lbh muda ganteng pinter dr belimbing karbitanğŸ˜€ sandiwara butet   sy kan anak lurah bisa rubah uu mk agar jd cawapres  bpk terbitkan perpres agar anak  ga perlu cuti kampanye  bpk intervensi uu kpk biar ga usah debat  boleh pilih muda tp  pengalaman bukan muda tp karbitanâ€¦ https://t.co/bdsjug2clz
2023-12-12 22:38:03+07:00,1734598496676950295,Setelah Malam Ini Si GEMOY JADI JADIAN   Kebuka Topengnya. Emosian Dan Temperamen. Setuju RT,16,44,1029,1513,id,1335552103457034240,1734598496676950295,sobat_anies,https://twitter.com/sobat_anies/status/1734598496676950295,,"Surakarta, Jawa Tengah",Pres,Anies,P1,2023-12-12,setelah malam ini si gemoy jadi jadian   kebuka topengnya. emosian dan temperamen. setuju rt
2023-12-23 09:31:58+07:00,1738386939831816627,Si Gemoy itu emosian  Dia bukan kacung Pak https://t.co/vFmO9q77MX,0,0,1,2,id,1684419661209964553,1738386939831816627,pemudakadempel,https://twitter.com/pemudakadempel/status/1738386939831816627,https://pbs.twimg.com/ext_tw_video_thumb/1738386914661867520/pu/img/7L_vrwwGb23FhCOL.jpg,Karang Kadempel,Wapres,Mahfud,P3,2023-12-23,si gemoy itu emosian  dia bukan kacung pak https://t.co/vfmo9q77mx
2023-12-11 17:04:28+07:00,1734152160383033512,Setidaknya pemilih masih punya akal untuk tidak memilih capres yang amoral. wkwkwkk  https://t.co/Yd8OjyqCHL,0,2,6,13,id,1605051452996882432,1734152160383033512,VhariadiM,https://twitter.com/VhariadiM/status/1734152160383033512,,,Pres,Ganjar,P3,2023-12-11,setidaknya pemilih masih punya akal untuk tidak memilih capres yang amoral. wkwkwkk  https://t.co/yd8ojyqchl
2023-12-05 15:52:10+07:00,1731959637191074168,Ternyata Menikam dari belakang  .  tag || Ade Armando Rohingya Ibu Hamil Mau Mas Nyetrika Bakpia Belimbing Selasa Butet Asam Sulfat || https://t.co/utyyvaAF7p,3,32,53,193,id,1626434380389560328,1731959637191074168,PasukanGanjar,https://twitter.com/PasukanGanjar/status/1731959637191074168,https://pbs.twimg.com/ext_tw_video_thumb/1731958761563262976/pu/img/mnRq23QE6_UHlz1z.jpg,"Central Java, Indonesia",Pres,Ganjar,P3,2023-12-05,ternyata menikam dari belakang  .  tag || ade armando rohingya ibu hamil mau mas nyetrika bakpia belimbing selasa butet asam sulfat || https://t.co/utyyvaaf7p
2023-12-29 01:04:07+07:00,1740433459955585519,Salah satu pengusaha Indonesia  dari Riau berani rugi milyaran rupiah  memboikot produk Israel di supermarketnya  Simak videonya sampai selesai. Tak sedikit ilmu dan pelajaran yang bisa kita petik dari video dibawah ini. Sungguh keputusan yang sangat luar biasa... https://t.co/DElKhuXYqe,0,0,3,5,id,1722218525522300928,1740433459955585519,PutraMelay6837,https://twitter.com/PutraMelay6837/status/1740433459955585519,https://pbs.twimg.com/ext_tw_video_thumb/1740433356263952384/pu/img/87mYoEwe0IwLWWCx.jpg,"Riau, Indonesia",Pres,Anies,P1,2023-12-29,salah satu pengusaha indonesia  dari riau berani rugi milyaran rupiah  memboikot produk israel di supermarketnya  simak videonya sampai selesai. tak sedikit ilmu dan pelajaran yang bisa kita petik dari video dibawah ini. sungguh keputusan yang sangat luar biasa... https://t.co/delkhuxyqe
2023-12-10 21:05:24+07:00,1733850404914418109,Klarifikasi apapun di saat kampanye tdk boleh memakai fasilitas bahkan â€œatas namaâ€ jabatan. Dan di saat melakukan Tugas jabatan jgn kampanye. Kalau susah mengatur  mundur atau cuti permanen. Gitu aja susah!   https://t.co/3RAbzJyGBe,7,27,214,458,id,380347823,1733850404914418109,ShamsiAli2,https://twitter.com/ShamsiAli2/status/1733850404914418109,,"New York, USA",Pres,Prabowo,P2,2023-12-10,klarifikasi apapun di saat kampanye tdk boleh memakai fasilitas bahkan â€œatas namaâ€ jabatan. dan di saat melakukan tugas jabatan jgn kampanye. kalau susah mengatur  mundur atau cuti permanen. gitu aja susah!   https://t.co/3rabzjygbe
2023-12-22 10:17:18+07:00,1738035958787059947,Gk capresnya gk wakilnya ngibulnya kebangetanğŸ¤£ https://t.co/diMId1Jgvh,0,0,0,4,id,1672255188231688193,1738035958787059947,Prabowo082024,https://twitter.com/Prabowo082024/status/1738035958787059947,https://pbs.twimg.com/ext_tw_video_thumb/1738035480539906048/pu/img/2O8TPht0Nap9zYLy.jpg,,Pres,Prabowo,P2,2023-12-22,gk capresnya gk wakilnya ngibulnya kebangetanğŸ¤£ https://t.co/dimid1jgvh
2023-12-05 17:20:21+07:00,1731981831254540493,@adearmando61 @nongandah Ade dan junjungannya ya sprti itu  DNA pengkhianat. Sudah dibantu kasih tempat tinggal  malah rumah kita dibakar dan lari. #KeluargaPinokio Belimbing Sayur + Bajingan Tolol,0,2,4,28,id,1697539042706128896,1731919272031756303,SemuaOKE710920,https://twitter.com/SemuaOKE710920/status/1731981831254540493,,"Las Vegas, NV",Pres,Ganjar,P3,2023-12-05,@adearmando61 @nongandah ade dan junjungannya ya sprti itu  dna pengkhianat. sudah dibantu kasih tempat tinggal  malah rumah kita dibakar dan lari. #keluargapinokio belimbing sayur + bajingan tolol
2023-12-05 15:49:19+07:00,1731958921697616365,@ariyfebri1 @tempodotco Ah masak? https://t.co/fmiMKRzjQ4,0,1,0,4,id,1450981455140556802,1731947766966894759,KusumaW57427580,https://twitter.com/KusumaW57427580/status/1731958921697616365,,,Akronim,GaMa,P3,2023-12-05,@ariyfebri1 @tempodotco ah masak? https://t.co/fmimkrzjq4
2023-12-16 20:20:17+07:00,1736013376957149394,"LALU KONSEKUENSINYA APA  LU... BAWASLU? Kalau berhenti di pernyataan begini doang ya gak guna. ğŸ˜‘  Melanggar UU tapi tetep melenggang. Jangan sampai dibilang Endasmu!""  https://t.co/Bu2kdSFZVm""",9,54,97,216,id,1334070788060631040,1736013376957149394,RagilSemar,https://twitter.com/RagilSemar/status/1736013376957149394,,"Dalem Kabagongan, Krg Kedempel",Wapres,Gibran,P2,2023-12-16,"lalu konsekuensinya apa  lu... bawaslu? kalau berhenti di pernyataan begini doang ya gak guna. ğŸ˜‘  melanggar uu tapi tetep melenggang. jangan sampai dibilang endasmu!""  https://t.co/bu2kdsfzvm"""
2023-12-09 23:53:27+07:00,1733530309902368863,Cemen Loe Brannnnn.... Loe Kan Bisa Memanfaatkan Paspampres Punya Bapak loe buat ngejagain loe ...  Dasar Bocah Asam Sulfat  ğŸ˜ğŸ˜ğŸ˜‚  https://t.co/VXqvyAgPdf,0,1,2,7,id,1606318502981169152,1733530309902368863,INDONESIAPERKS4,https://twitter.com/INDONESIAPERKS4/status/1733530309902368863,,Earth ğŸŒ,Wapres,Gibran,P2,2023-12-09,cemen loe brannnnn.... loe kan bisa memanfaatkan paspampres punya bapak loe buat ngejagain loe ...  dasar bocah asam sulfat  ğŸ˜ğŸ˜ğŸ˜‚  https://t.co/vxqvyagpdf
2023-12-22 20:55:53+07:00,1738196664534671805,Cak @cakimiNOW soal diplomasi perdagangan bebas lebih matang Slepet slepet yg berbelit-belit dan butuh profesional diplomasi yang baik https://t.co/HUoUAiTeIU,2,7,29,102,id,1493158746205614080,1738196664534671805,LANGKAHANIES,https://twitter.com/LANGKAHANIES/status/1738196664534671805,https://pbs.twimg.com/ext_tw_video_thumb/1738196245586595840/pu/img/ymxZmKdPzyo9Jnhy.jpg,,Pres,Anies,P1,2023-12-22,cak @cakiminow soal diplomasi perdagangan bebas lebih matang slepet slepet yg berbelit-belit dan butuh profesional diplomasi yang baik https://t.co/huouaiteiu
2023-12-13 09:54:30+07:00,1734768732235571476,Gagal Jadi MACAN ASIA Pengen Jadi ğŸ‘‰ GEMOY Eh Jadinya ğŸ‘‰ JOKER  RTâœ… https://t.co/W9IZ8qgsXV,174,496,1552,3298,id,1335552103457034240,1734768732235571476,sobat_anies,https://twitter.com/sobat_anies/status/1734768732235571476,https://pbs.twimg.com/ext_tw_video_thumb/1734768643802861568/pu/img/jgFZxOn-zZ44U4M8.jpg,"Surakarta, Jawa Tengah",Pres,Anies,P1,2023-12-13,gagal jadi macan asia pengen jadi ğŸ‘‰ gemoy eh jadinya ğŸ‘‰ joker  rtâœ… https://t.co/w9iz8qgsxv
2023-12-06 16:20:30+07:00,1732329157324165605,Yang dukung belimbing sayur berarti  konslet!! ğŸ˜­ğŸ˜­  #OrderBaruReborn https://t.co/BSuVpsLQb6,2,4,14,72,id,1463720993176784901,1732329157324165605,Omnya_Gibran,https://twitter.com/Omnya_Gibran/status/1732329157324165605,https://pbs.twimg.com/ext_tw_video_thumb/1732329123211776000/pu/img/iIe-6wIiNlexud2h.jpg,,Pres,Prabowo,P2,2023-12-06,yang dukung belimbing sayur berarti  konslet!! ğŸ˜­ğŸ˜­  #orderbarureborn https://t.co/bsuvpslqb6
2023-12-16 14:38:18+07:00,1735927315631329573,Ga Bisa Mbayangkan  Jika Gimmick GEMOY  Kebongkar  Ternyata Aslinya Nyinyiran dan Emosian #NdasmuEtik,2,8,44,101,id,1335552103457034240,1735927315631329573,SOBAT_ANIES,https://twitter.com/SOBAT_ANIES/status/1735927315631329573,,"Surakarta, Jawa Tengah",Pres,Anies,P1,2023-12-16,ga bisa mbayangkan  jika gimmick gemoy  kebongkar  ternyata aslinya nyinyiran dan emosian #ndasmuetik
2023-12-15 10:53:43+07:00,1735508407770284540,Jumâ€™at Berkah https://t.co/JKUze0F3mk,4,348,597,2531,id,1490116879,1735508407770284540,cakimiNOW,https://twitter.com/cakimiNOW/status/1735508407770284540,https://pbs.twimg.com/amplify_video_thumb/1735508260378329088/img/6rD7loWttE3KNq_R.jpg,Indonesia,Wapres,Imin,P1,2023-12-15,jumâ€™at berkah https://t.co/jkuze0f3mk
2023-12-23 11:42:33+07:00,1738419802195268037,Langsung aksi. #Cawapres Gus Imin @cakimiNOW menyampaikan strategi meningkatkan UMKM Kudus dalam #SlepetNomics siang ini di Kudus https://t.co/xkF5gdC4X2,0,0,2,6,id,200000354,1738419802195268037,billy4riez,https://twitter.com/billy4riez/status/1738419802195268037,,Jakarta,Wapres,Imin,P1,2023-12-23,langsung aksi. #cawapres gus imin @cakiminow menyampaikan strategi meningkatkan umkm kudus dalam #slepetnomics siang ini di kudus https://t.co/xkf5gdc4x2
2023-12-14 13:05:35+07:00,1735179207821664758,KPU nya ngurusin soal recehan aja nih   yg kemarin2 pada masuk angin tah ğŸ¤£ğŸ¤£ğŸ¤£  https://t.co/cz3FRR0DUw,0,7,4,21,id,844206338297159681,1735179207821664758,IInayaturahmah,https://twitter.com/IInayaturahmah/status/1735179207821664758,,"Bogor, Jawa Barat",Wapres,Gibran,P2,2023-12-14,kpu nya ngurusin soal recehan aja nih   yg kemarin2 pada masuk angin tah ğŸ¤£ğŸ¤£ğŸ¤£  https://t.co/cz3frr0duw
2023-12-23 09:48:30+07:00,1738391100585603253,Ada yang bilang Hoax. Noh adu mekanik ma Kompas bulan Mei 2023 ğŸ¤£  https://t.co/95r6KmZmXu,2,4,20,16,id,2952466111,1738391100585603253,adefs97,https://twitter.com/adefs97/status/1738391100585603253,,Universe,Wapres,Gibran,P2,2023-12-23,ada yang bilang hoax. noh adu mekanik ma kompas bulan mei 2023 ğŸ¤£  https://t.co/95r6kmzmxu
2023-12-05 19:51:01+07:00,1732019748131488017,@RomeoWalker19 @KPU_ID Lah iya belum Ada Rapat dengan Tim Capres... Kok ketua @KPU_ID sudah bilang sudah ada Keputusan KPU tentang format DEBAT PILPRES....ğŸ¤¦ğŸ¤¦ğŸ¤¦ https://t.co/NvFWt9uUKh,0,0,0,0,id,1603584626429415424,1731999300622979331,sudiyanto204574,https://twitter.com/sudiyanto204574/status/1732019748131488017,,,Wapres,Imin,P1,2023-12-05,@romeowalker19 @kpu_id lah iya belum ada rapat dengan tim capres... kok ketua @kpu_id sudah bilang sudah ada keputusan kpu tentang format debat pilpres....ğŸ¤¦ğŸ¤¦ğŸ¤¦ https://t.co/nvfwt9uukh
2023-12-28 16:35:55+07:00,1740305568970244597,Banyuwangi selalu berseri.. Mengawali kampanye di Kabupaten Banyuwangi dengan menyerap aspirasi dan diskusi dengan para petani. Ternyata masalah yang mereka hadapi sama dengan mayoritas petani di daerah lain  yaitu pupuk mahal dan langka  harga jual murah  sehingga mereka takâ€¦ https://t.co/fiYSx6GsYZ,5,17,596,1629,id,1490116879,1740305568970244597,cakimiNOW,https://twitter.com/cakimiNOW/status/1740305568970244597,https://pbs.twimg.com/amplify_video_thumb/1740305245656485888/img/cHujsBOf4PYdLHhf.jpg,Indonesia,Wapres,Imin,P1,2023-12-28,banyuwangi selalu berseri.. mengawali kampanye di kabupaten banyuwangi dengan menyerap aspirasi dan diskusi dengan para petani. ternyata masalah yang mereka hadapi sama dengan mayoritas petani di daerah lain  yaitu pupuk mahal dan langka  harga jual murah  sehingga mereka takâ€¦ https://t.co/fiysx6gsyz
2023-12-27 19:59:04+07:00,1739994304494641264,Melihat semangat para kiai  ulama  ibu-ibu dan masyarakat Tangerang yang luar biasa membuat capek dan lelah saya hilang seketika. Mereka rela meluangkan waktu untuk bertatapmuka dan diskusi dengan saya sore tadi.  Paling pokok lapangan pekerjaan dan industrialisasi harusâ€¦ https://t.co/8O4USikxwv,11,161,935,2723,id,1490116879,1739994304494641264,cakimiNOW,https://twitter.com/cakimiNOW/status/1739994304494641264,https://pbs.twimg.com/amplify_video_thumb/1739993965896802304/img/kT7RXWg-3y7I_QAk.jpg,Indonesia,Wapres,Imin,P1,2023-12-27,melihat semangat para kiai  ulama  ibu-ibu dan masyarakat tangerang yang luar biasa membuat capek dan lelah saya hilang seketika. mereka rela meluangkan waktu untuk bertatapmuka dan diskusi dengan saya sore tadi.  paling pokok lapangan pekerjaan dan industrialisasi harusâ€¦ https://t.co/8o4usikxwv
2023-12-25 19:41:52+07:00,1739265202229743807,edisi hari ini SALING RANGKULAN BAHU https://t.co/MkKYWn76Jy,0,1,21,46,id,1691375991678230529,1739265202229743807,mahaeterus,https://twitter.com/mahaeterus/status/1739265202229743807,https://pbs.twimg.com/media/GCMcevAaAAAn7Zv.jpg,RPS MARKHYUCK ,Wapres,Mahfud,P3,2023-12-25,edisi hari ini saling rangkulan bahu https://t.co/mkkywn76jy
2023-12-25 22:34:16+07:00,1739308587607077174,Kata kata untuk hari ini  paham!!! @dmenmatcha @djangoxdune https://t.co/0gPvF03oc8,1,2,1,0,id,1287405334051487745,1739308587607077174,ineaffable,https://twitter.com/ineaffable/status/1739308587607077174,https://pbs.twimg.com/ext_tw_video_thumb/1739308479041736704/pu/img/mr0mJlk8Ht4LOBjM.jpg,,Wapres,Mahfud,P3,2023-12-25,kata kata untuk hari ini  paham!!! @dmenmatcha @djangoxdune https://t.co/0gpvf03oc8
2023-12-27 18:42:40+07:00,1739975080149671961,Jika anda heran mungkin krn fokus ke capresnya saja. Lihat lebih luas. Ada yg hrs juga dijaga prestisenya. PS benar 43 7% aja  msh beban buat JKW. Krn koalisi akan tanya; efek JKW brp? 2019 aja PS 45%. Klu sebenarnya &lt;40% ;Ngefek ga sih dia? Ngertiin lahğŸ˜ https://t.co/noLcwj3sDD,0,4,2,12,id,1301052979852619777,1739975080149671961,MartinusButarb1,https://twitter.com/MartinusButarb1/status/1739975080149671961,,"DKI Jakarta, Indonesia",Pres,Prabowo,P2,2023-12-27,jika anda heran mungkin krn fokus ke capresnya saja. lihat lebih luas. ada yg hrs juga dijaga prestisenya. ps benar 43 7% aja  msh beban buat jkw. krn koalisi akan tanya; efek jkw brp? 2019 aja ps 45%. klu sebenarnya &lt;40% ;ngefek ga sih dia? ngertiin lahğŸ˜ https://t.co/nolcwj3sdd
2023-12-16 19:31:41+07:00,1736001147402662172,"Hukuamnya : dilarang ikut debat Cawapres!   Assyiiikkkk... ""  https://t.co/zTft65rcMi""",7,166,101,565,id,1613800352645804033,1736001147402662172,ekokuntadhi1,https://twitter.com/ekokuntadhi1/status/1736001147402662172,,,Wapres,Gibran,P2,2023-12-16,"hukuamnya : dilarang ikut debat cawapres!   assyiiikkkk... ""  https://t.co/ztft65rcmi"""
2023-12-09 01:18:48+07:00,1733189399691870391,@kiki_daliyo sangat setuju pak karna tidak semua kalanagan bisa mengakses internet dengan cepat  ğˆğ§ğ­ğğ«ğ§ğğ­ ğ†ğ«ğšğ­ğ¢ğ¬ ğ†ğšğ§ğ£ğšğ« https://t.co/cZA3i0pt5j,0,0,0,0,id,1702302078876700672,1733013255059394987,abimayu950360,https://twitter.com/abimayu950360/status/1733189399691870391,,,Pres,Ganjar,P3,2023-12-09,@kiki_daliyo sangat setuju pak karna tidak semua kalanagan bisa mengakses internet dengan cepat  ğˆğ§ğ­ğğ«ğ§ğğ­ ğ†ğ«ğšğ­ğ¢ğ¬ ğ†ğšğ§ğ£ğšğ« https://t.co/cza3i0pt5j
2023-12-19 18:56:16+07:00,1737079398921277527,SLEPET IMIN DI DEPOK Selasa  19 Desember 2023 Pukul : 19.00 WIB https://t.co/2SVDb3Azp1,2,15,174,467,id,1490116879,1737079398921277527,cakimiNOW,https://twitter.com/cakimiNOW/status/1737079398921277527,,Indonesia,Wapres,Imin,P1,2023-12-19,slepet imin di depok selasa  19 desember 2023 pukul : 19.00 wib https://t.co/2svdb3azp1
2023-12-22 14:06:17+07:00,1738093582890987644,Kekuatan Kita Ada Pada Semangat. Bukan Jadi Buzzer Bayaran Yang Menggadaikan Prinsip. #CakIminMenangDebat Trendingkan Yukk..âœŠ https://t.co/VPvsTB20TW,10,17,245,611,id,1335552103457034240,1738093582890987644,SOBAT_ANIES,https://twitter.com/SOBAT_ANIES/status/1738093582890987644,https://pbs.twimg.com/media/GB7y5vpawAAO-9-.jpg,"Surakarta, Jawa Tengah",Pres,Anies,P1,2023-12-22,kekuatan kita ada pada semangat. bukan jadi buzzer bayaran yang menggadaikan prinsip. #cakiminmenangdebat trendingkan yukk..âœŠ https://t.co/vpvstb20tw
2023-12-22 15:25:20+07:00,1738113477099864511,Yuk Patungan Tagar #CakIminMenangDebat Nah Diatas Saya Dah Bikin Waktunya Kamoooohhh..ğŸ’ª,7,21,54,102,id,1335552103457034240,1738113477099864511,SOBAT_ANIES,https://twitter.com/SOBAT_ANIES/status/1738113477099864511,,"Surakarta, Jawa Tengah",Pres,Anies,P1,2023-12-22,yuk patungan tagar #cakiminmenangdebat nah diatas saya dah bikin waktunya kamoooohhh..ğŸ’ª
2023-12-24 10:37:11+07:00,1738765738947850305,Perkataan kadang sama dengan doa  https://t.co/4J1KeCaSAm,0,0,0,0,id,376007525,1738765738947850305,soeyoto1,https://twitter.com/soeyoto1/status/1738765738947850305,,jakarta,Wapres,Imin,P1,2023-12-24,perkataan kadang sama dengan doa  https://t.co/4j1kecasam
2023-12-29 11:46:46+07:00,1740595188115149214,Hitungan dri mana hemat 17T ?  Lah anggaran makan siang tuh pengalihan dri anggaran pendidikan  perlindungan sosial dan kesehatan  Apa itu disebut berhemat juga ?  Katanya mencerdaskan anak bangsa ko anggaran pendidikan dialihkan    https://t.co/XR5Y5FC6va,2,12,6,46,id,844206338297159681,1740595188115149214,IInayaturahmah,https://twitter.com/IInayaturahmah/status/1740595188115149214,,"Bogor, Jawa Barat",Pres,Prabowo,P2,2023-12-29,hitungan dri mana hemat 17t ?  lah anggaran makan siang tuh pengalihan dri anggaran pendidikan  perlindungan sosial dan kesehatan  apa itu disebut berhemat juga ?  katanya mencerdaskan anak bangsa ko anggaran pendidikan dialihkan    https://t.co/xr5y5fc6va
2023-12-16 13:43:50+07:00,1735913608809439519,Si MACAN GEMOY Keknya KEOK Lagi. Yang Setuju ğŸ‘‰ RT,4,17,651,405,id,1335552103457034240,1735913608809439519,SOBAT_ANIES,https://twitter.com/SOBAT_ANIES/status/1735913608809439519,,"Surakarta, Jawa Tengah",Pres,Anies,P1,2023-12-16,si macan gemoy keknya keok lagi. yang setuju ğŸ‘‰ rt
2023-12-22 10:57:54+07:00,1738046176061222977,Ketika emosi dan merasa sebagai aparat....  Nah kan diusut...   https://t.co/QmZDfQfc4m,0,0,2,6,id,1135182840511885313,1738046176061222977,Ryu53944310,https://twitter.com/Ryu53944310/status/1738046176061222977,,"Kebayoran Lama, Indonesia",Wapres,Mahfud,P3,2023-12-22,ketika emosi dan merasa sebagai aparat....  nah kan diusut...   https://t.co/qmzdfqfc4m
2023-12-28 14:26:12+07:00,1740272922210820180,"Jika Ada DESAK WOWO"" Kemungkinan Apa Saja Yang Bisa Terjadi ? Drop Komen""",30,548,104,724,id,1335552103457034240,1740272922210820180,SOBAT_ANIES,https://twitter.com/SOBAT_ANIES/status/1740272922210820180,,"Surakarta, Jawa Tengah",Pres,Anies,P1,2023-12-28,"jika ada desak wowo"" kemungkinan apa saja yang bisa terjadi ? drop komen"""
2023-12-28 10:45:49+07:00,1740217463546286559,"@tempodotco Waktu ngomong mestinya ada cermin besar di depanmu Moymoy.  Mereka yang mendukungmu di 2014 &amp; 2019 akan tetap ingat OMDO TERHEBAT ABAD INI  Timbul dan Tenggelam Bersama Rakyat"". Pengkhianat!  https://t.co/XkxHoM1l6q""",1,1,1,18,id,1493831656469409796,1740176527885783531,h68052,https://twitter.com/h68052/status/1740217463546286559,,,Pres,Prabowo,P2,2023-12-28,"@tempodotco waktu ngomong mestinya ada cermin besar di depanmu moymoy.  mereka yang mendukungmu di 2014 &amp; 2019 akan tetap ingat omdo terhebat abad ini  timbul dan tenggelam bersama rakyat"". pengkhianat!  https://t.co/xkxhom1l6q"""
2023-12-08 19:59:44+07:00,1733109101872419044,thread mk muter mik di sebelah hc  https://t.co/Hk91ni6BxX,0,0,1,6,id,1691375991678230529,1733109101872419044,nakutinn,https://twitter.com/nakutinn/status/1733109101872419044,https://pbs.twimg.com/ext_tw_video_thumb/1733099887582203904/pu/img/vFena9DNdhyM2w17.jpg,RPS MARKHYUCK ,Wapres,Mahfud,P3,2023-12-08,thread mk muter mik di sebelah hc  https://t.co/hk91ni6bxx
2023-12-19 01:39:40+07:00,1736818529582952887,https://t.co/S0DiR2NUZD  @PDI_Perjuangan  partai yg matang ditempah oleh waktu dan intimidasi,0,0,0,0,id,1603981447521800192,1736818529582952887,PaskRoony,https://twitter.com/PaskRoony/status/1736818529582952887,,Indonesia,Wapres,Mahfud,P3,2023-12-19,https://t.co/s0dir2nuzd  @pdi_perjuangan  partai yg matang ditempah oleh waktu dan intimidasi
2023-12-11 22:34:50+07:00,1734235299323220122,Gemukkan Akun @cakimiNOW Yuk Biar Jadi Jutaan Follower Setelah Follow ğŸ‘‰ RT Ya.,0,12,137,235,id,1335552103457034240,1734235299323220122,sobat_anies,https://twitter.com/sobat_anies/status/1734235299323220122,,"Surakarta, Jawa Tengah",Pres,Anies,P1,2023-12-11,gemukkan akun @cakiminow yuk biar jadi jutaan follower setelah follow ğŸ‘‰ rt ya.
2023-12-23 14:14:20+07:00,1738457998073508110,Mas Edi Purnomo  pelaku UMKM di Kudus menyampaikan ke saya kalau izin usaha serta akses permodalan begitu sulit dia dapatkan. Begitu juga Mbak Nurul  pelaku UMKM lainnya juga menginginkan adanya pelatihan packaging dan marketing untuk usaha kecil yang dia geluti.  Di depan 1000â€¦ https://t.co/rfXJuhXSPr,10,66,529,1652,id,1490116879,1738457998073508110,cakimiNOW,https://twitter.com/cakimiNOW/status/1738457998073508110,https://pbs.twimg.com/amplify_video_thumb/1738457799313780736/img/sqDOL-EBdzqJcuJ5.jpg,Indonesia,Wapres,Imin,P1,2023-12-23,mas edi purnomo  pelaku umkm di kudus menyampaikan ke saya kalau izin usaha serta akses permodalan begitu sulit dia dapatkan. begitu juga mbak nurul  pelaku umkm lainnya juga menginginkan adanya pelatihan packaging dan marketing untuk usaha kecil yang dia geluti.  di depan 1000â€¦ https://t.co/rfxjuhxspr
2023-12-25 14:16:17+07:00,1739183265876218275,Nusron tegaskan TKN yakin Pilpres 2024 akan satu putaran  https://t.co/407BvcW4Ea,10,83,5,22,id,22126902,1739183265876218275,republikaonline,https://twitter.com/republikaonline/status/1739183265876218275,,"Jakarta, Indonesia",Pres,Prabowo,P2,2023-12-25,nusron tegaskan tkn yakin pilpres 2024 akan satu putaran  https://t.co/407bvcw4ea
2023-12-20 09:32:38+07:00,1737299943667417099,"Ntar pas debat cawapres ketika ditanya ... ada bukunya gak perlu saya jelaskan... ""  Mumet pora nek ngene ki...  ğŸ˜‚ğŸ˜‚ğŸ˜‚ğŸ˜‚ğŸ˜‚ğŸ˜‚ğŸ˜‚ğŸ˜‚ğŸ˜‚ğŸ˜‚ https://t.co/DgaOOiRmT8""",12,56,46,177,id,1135182840511885313,1737299943667417099,Ryu53944310,https://twitter.com/Ryu53944310/status/1737299943667417099,https://pbs.twimg.com/media/GBwhDJcb0AADkmw.jpg,"Kebayoran Lama, Indonesia",Wapres,Mahfud,P3,2023-12-20,"ntar pas debat cawapres ketika ditanya ... ada bukunya gak perlu saya jelaskan... ""  mumet pora nek ngene ki...  ğŸ˜‚ğŸ˜‚ğŸ˜‚ğŸ˜‚ğŸ˜‚ğŸ˜‚ğŸ˜‚ğŸ˜‚ğŸ˜‚ğŸ˜‚ https://t.co/dgaooirmt8"""
2023-12-16 14:11:40+07:00,1735920612831297756,Emangnya etik punya ndas ya?,1477,2625,3383,15113,id,1490116879,1735920612831297756,cakimiNOW,https://twitter.com/cakimiNOW/status/1735920612831297756,,Indonesia,Wapres,Imin,P1,2023-12-16,emangnya etik punya ndas ya?
