created_at,id_str,full_text,quote_count,reply_count,retweet_count,favorite_count,lang,user_id_str,conversation_id_str,username,tweet_url,image_url,location
2023-12-26 00:03:28+07:00,1739331035316514833,Matur suwun  Jawa Tengah...!  Warga Jawa Tengah siap untuk mendukung calon Presiden RI Anies Baswedan dan Wakil Presiden RI Muhaimin Iskandar...  #AniesPresidenRI2024  #AniesMuhaimin2024 https://t.co/pZofsIjMvK,4,6,194,388,in,80559922,1739331035316514833,ferizandra,https://twitter.com/ferizandra/status/1739331035316514833,https://pbs.twimg.com/ext_tw_video_thumb/1739330987660918785/pu/img/tMoygLY_WI2NuyA1.jpg,In her dream...
2023-12-26 00:34:35+07:00,1739338864115040623,Dukung Anies Baswedan dan Muhaimin Iskandar  500 Kiyai Buat 8 Rekomendasi https://t.co/erJJQqqmSS #TempoNasional,3,193,196,538,in,18129942,1739338864115040623,tempodotco,https://twitter.com/tempodotco/status/1739338864115040623,,Indonesia
2023-12-26 00:43:27+07:00,1739341094783943042,Liquid AirDr–æ—Ä n–æw‚ñ∂Ô∏èhttps://t.co/UIFGUblYA8üîó  @AaronBernstine @jeremyjlp12pgl @Mr11Ramy @Muhaimin_541999,0,0,0,0,cs,1728802823704293376,1739341094783943042,times20486,https://twitter.com/times20486/status/1739341094783943042,,
2023-12-26 00:45:16+07:00,1739341555918385656,Liquid AirDr–æ—Ä n–æw‚ñ∂Ô∏èhttps://t.co/isSQYTQVWfüîó  @HatuweIrma @Muh_Muhaimin_07 @Airudoropu @mertykslq2,0,0,0,0,cs,1728869483983347712,1739341555918385656,XGbcn94549,https://twitter.com/XGbcn94549/status/1739341555918385656,,
2023-12-26 01:26:24+07:00,1739351907213427011,Capres No. 1 AMIN [Anies-Muhaimin]  Anies jelaskan pembangunan 40 kota yang disampaikan Muhaimin dalam Debat Cawapres Kedua (6:30).  40 kota tidak dimulai dari nol.  Tapi naikkelaskan 40 kota yang ada. https://t.co/mOng6uvBft  PDRB Nasional: Timpang(5:40). https://t.co/9cTXZF0MdG,1,0,0,0,in,1714659923479638017,1739351907213427011,hijiberita,https://twitter.com/hijiberita/status/1739351907213427011,,Indonesai
2023-12-26 01:48:06+07:00,1739357365822967886,–êIRDR–û–† –ï–¢H NOW üî¥ https://t.co/N9BZnyF5Cq  @muhaimin_shanto @sadafsaeed1 @Babudeepenra @RumanaAkoob,0,0,0,0,cs,1729123232219811840,1739357365822967886,pemudaPanc41633,https://twitter.com/pemudaPanc41633/status/1739357365822967886,,
2023-12-26 02:03:09+07:00,1739361153636344102,Ratusan Kyai Pesantren Dari Jateng dan Jatim Menyatakan Dukungannya Kepada Anies~Muhaimin https://t.co/GW558sIsrR,8,32,563,1609,in,30201110,1739361153636344102,alisyarief,https://twitter.com/alisyarief/status/1739361153636344102,,"-6.252543,106.806343"
2023-12-26 03:57:11+07:00,1739389852045680721,Dukung Anies Baswedan dan Muhaimin Iskandar  500 Kiai Buat 8 Rekomendasi https://t.co/Nnjv9ImvRs #TempoNasional,2,161,351,999,in,18129942,1739389852045680721,tempodotco,https://twitter.com/tempodotco/status/1739389852045680721,,Indonesia
2023-12-26 04:01:11+07:00,1739390856229187968,Anies Baswedan dan Muhaimin Iskandar Didukung Sekitar 500 Kiai dari Jawa Tengah dan Jawa Timur https://t.co/1tsft46sMT #TempoNasional,22,32,1113,1832,in,18129942,1739390856229187968,tempodotco,https://twitter.com/tempodotco/status/1739390856229187968,,Indonesia
2023-12-26 04:23:28+07:00,1739396463598191057,–êIRDR–ûP N–ûW LIVE ‚ñ∂Ô∏è https://t.co/mHMvkv9B8h  @Dsullivan1960 @vagape @AA_Muhaimin @ElizaVeronicaT1,0,0,0,0,cs,1729130150485270528,1739396463598191057,shivanshu_99215,https://twitter.com/shivanshu_99215/status/1739396463598191057,,
2023-12-26 05:02:28+07:00,1739406281109303535,"Ngga Bahaya' Tah.. Solo Malam Ini Bung.. Belum tadi Di Pekalongan Panjang Massa nya Sampai 10km.  2024 Anies Jadi PRESIDEN Kalau ngga Curang..üëçüëå‚úäüí™‚òùÔ∏èüòâü§©üáÆüá©  *AMIN NO. 1"" Coblos di hari Rabu  14 Februari 2024* üáÆüá©‚ù§Ô∏èüáµüá∏  IN SYAA ALLAH  AMIN ( ANIS - MUHAIMIN )  ü§≤ü§≤ https://t.co/0RF4eNno4f""",0,0,0,0,in,1595461629465927690,1739406281109303535,LeaRamdhan,https://twitter.com/LeaRamdhan/status/1739406281109303535,https://pbs.twimg.com/ext_tw_video_thumb/1739406177849712640/pu/img/N2vf7yW35GsfTTde.jpg,
2023-12-26 05:50:49+07:00,1739418448034517158,SURVEI PRESIDEN TERPILIH 2024 - 1. Anies Baswedan - Muhaimin - 62.9% - 3. Ganjar - Mahfud - 30.9% - 2. Prabowo - Gibran - 6.2%  Total Votes : 1350    Berikan vote anda  klik link   https://t.co/ceg9Ag0HXy   https://t.co/QaXlFzM7zR,0,0,0,0,in,901411436,1739418448034517158,AriefSaripuddin,https://twitter.com/AriefSaripuddin/status/1739418448034517158,,
2023-12-26 06:04:18+07:00,1739421840127541641,Dalam debat cawapres  Muhaimin Iskandar atau Cak Imin menyebut Kota Balikpapan masih kesulitan listrik  air bersih  serta jalan rusak. https://t.co/95XpnzITPW,2,5,1,6,in,23343960,1739421840127541641,kompascom,https://twitter.com/kompascom/status/1739421840127541641,,Jakarta
2023-12-26 07:36:29+07:00,1739445040643178997,MILENIAL CERDAS   FOKUS KE NO 1  AMIN ( ANIS - MUHAIMIN ) https://t.co/0lyoai5mlm,0,1,9,13,in,1491586743350411266,1739445040643178997,13lue_Oc3an__,https://twitter.com/13lue_Oc3an__/status/1739445040643178997,https://pbs.twimg.com/ext_tw_video_thumb/1739444906119303168/pu/img/zdJInqxZ3jbd5ikL.jpg,
2023-12-26 08:20:58+07:00,1739456235949511127,@tvOneNews TERUS BERIKHTIAR DENGAN DOA SEMOGA ANIES BASWEDAN DAN GUS MUHAIMIN MENJADI PRESIDEN DAN WAKIL PRESIDEN 2024-2029  AMIN,0,0,0,0,in,1584386006476009472,1739051595139354917,Fatoni65770639,https://twitter.com/Fatoni65770639/status/1739456235949511127,,
2023-12-26 08:25:50+07:00,1739457460514250945,Laskar Santri di Lumajang  Jawa Timur  mendeklarasikan dukungannya untuk pasangan calon nomor urut 1 Anies Baswedan dan Muhaimin Iskandar (AMIN). https://t.co/kq2TaRwGKp,9,223,794,2575,in,1490116879,1739457460514250945,cakimiNOW,https://twitter.com/cakimiNOW/status/1739457460514250945,,Indonesia
2023-12-26 08:40:36+07:00,1739461173689672168,@tvOneNews Bodoh dipelihara. Amin itu kan stand for Anis dan Muhaimin. Jangan lebay lah  mencari¬≤ kesalahan. Hadapi saja dengan jantan  kalau kalian memang jantan.,0,0,0,0,in,1455802913251549189,1738259004491772285,Queenrana09,https://twitter.com/Queenrana09/status/1739461173689672168,,
2023-12-26 08:44:50+07:00,1739462240431124918,@Fahrihamzah Semoga Anies Baswedan dan Muhaimin Iskandar terpilih menjadi Presiden dan Wakil Presiden RI periode 2024 S/d 2029 Aamiin.,0,0,0,0,in,1676853532165804032,1739107848385347861,PutraMerap42838,https://twitter.com/PutraMerap42838/status/1739462240431124918,,
2023-12-26 08:50:26+07:00,1739463648048029994,https://t.co/Kv713RQyLv,0,0,0,0,zxx,1444798439338901507,1739463648048029994,MuhaiminArdy,https://twitter.com/MuhaiminArdy/status/1739463648048029994,https://pbs.twimg.com/ext_tw_video_thumb/1739463460029915136/pu/img/BkWuM4hHsdSzRzAg.jpg,"Ngamprah, Indonesia"
2023-12-26 08:53:51+07:00,1739464510468165896,@kumparan Anies-Muhaimin=Batalkan IKN Prabowo-Gibran=Lanjutkan IKN Ganjar-Mahfud=Lanjutkan IKN,0,0,0,0,in,1675833301662318594,1739463934724477191,HirupidungBabi,https://twitter.com/HirupidungBabi/status/1739464510468165896,,samarinda
2023-12-26 08:54:27+07:00,1739464660158734361,@neohistoria_id Anies-Muhaimin=Batalkan IKN Prabowo-Gibran=Lanjutkan IKN Ganjar-Mahfud=Lanjutkan IKN,0,0,0,0,in,1675833301662318594,1739464298131587188,HirupidungBabi,https://twitter.com/HirupidungBabi/status/1739464660158734361,,samarinda
2023-12-26 09:06:09+07:00,1739467604816011481,Tim Kampanye Anies-Muhaimin menargetkan suara pasangan Amin 48 persen di Jateng. Itu berdasarkan hitungan matematis Pilkada Jateng. https://t.co/55K25rwWGU,1,1,1,6,in,23343960,1739467604816011481,kompascom,https://twitter.com/kompascom/status/1739467604816011481,,Jakarta
2023-12-26 09:11:48+07:00,1739469028459212937,Sami‚Äôna wa atho‚Äôna.. Matursembah nuwun do‚Äôa dan dukungan para masyayikh pondok pesantren. InsyaAlloh  amanah ini menjadi spirit bagi kami agar terus istiqomah berjuang mewujudkan perubahan indonesia yang lebih baik. AMIN.  #AMINajaDulu https://t.co/zPnu1ykjbZ,17,211,1133,3725,in,1490116879,1739469028459212937,cakimiNOW,https://twitter.com/cakimiNOW/status/1739469028459212937,https://pbs.twimg.com/amplify_video_thumb/1739468612761772032/img/s4k8N27gYW4Hh_X8.jpg,Indonesia
2023-12-26 09:21:08+07:00,1739471377567203684,"Kentongan 57 adalah gerakan rakyat untuk perubahan.  57% adalah target kemenangan Anies Muhaimin AMIN  Bismillah  gerakan 57 kentongan pertama kali diresmikan di Kalimantan Timur.""  #KPUCurangGibranLicik  #KPUCurangGibranLicik https://t.co/ViApeqCPpt""",5,4,228,454,in,1647311678160384007,1739471377567203684,MichelAdam7__,https://twitter.com/MichelAdam7__/status/1739471377567203684,https://pbs.twimg.com/ext_tw_video_thumb/1739471340581920768/pu/img/VaGbtIcMPnfCBvzr.jpg,
2023-12-26 09:23:03+07:00,1739471857437614560,Dalam debat cawapres  Muhaimin Iskandar menyebut Kota Balikpapan masih kesulitan listrik  air bersih  serta jalan rusak. Pernyataan itu membuat Wali Kota Balikpapan  Rahmad mendidih. ‚ÄúItu keliru  harusnya sebelum menyampaikan lihat data dulu ‚Äù kata Rahmad. https://t.co/I7RDL6HzZy,16,11,4,17,in,23343960,1739471857437614560,kompascom,https://twitter.com/kompascom/status/1739471857437614560,,Jakarta
2023-12-26 09:58:13+07:00,1739480708480201069,@tungstenlife Kepilih jd cawapres itu berkah buat Muhaimin suara NU akar rumput otomatis ke PKB utk Pilpres?tunggu dulu.Pilgub Jatim PKB sering kalah.Pileg tuh besar suaranya jgn jadi ukuran krn semua caleg dr partai manapun akan mikir dirinya sendiri kl mau cari aman,0,1,0,2,in,117116631,1739201769199271948,AinurHamim,https://twitter.com/AinurHamim/status/1739480708480201069,,Indonesia Raya
2023-12-26 10:06:12+07:00,1739482716893311416,@Dennysiregar7 Ds ini betul betul ngaur yang ditanyakan gibran kepada mahfud dan muhaimin sesuai dengan tema Masalahnya pemahaman mahfud dan muhaimin kalah jauh dan kedua orang ini terlalu meremehkan gibran Akhirnya gibran menang telak,0,3,0,2,in,1725041381222322177,1739463409937400206,Samsung14084732,https://twitter.com/Samsung14084732/status/1739482716893311416,,
2023-12-26 10:30:00+07:00,1739488705633468553,Dukung Anies Baswedan dan Muhaimin Iskandar  500 Kiai Buat 8 Rekomendasi  Simak Isinya! https://t.co/X3T1dtEyJq,5,111,180,491,in,1243804423001763841,1739488705633468553,democrazymedia,https://twitter.com/democrazymedia/status/1739488705633468553,,Indonesia
2023-12-26 10:36:14+07:00,1739490275326845018,Jangan takut Pak walaupun dananya sedikit tapi pendukungnya AMIN banyak  AMIN (Anies-Muhaimin) In syaa Allah https://t.co/CArWyv691w,1,8,37,66,in,1491586743350411266,1739490275326845018,13lue_Oc3an__,https://twitter.com/13lue_Oc3an__/status/1739490275326845018,https://pbs.twimg.com/ext_tw_video_thumb/1739490264270643200/pu/img/PvsXk1DnXYp6xtkl.jpg,
2023-12-26 10:37:21+07:00,1739490555749613884,Question: bgmna langkah Gus Muhaimin menaikkan peringkat Indonesia dalam SGIE..  ini pertanyaan yang memang di seting untuk menjebak mesti nya diawal di jelaskan apa itu SGIE kemudian baru bertanya.  Pantas saja publik memberi label #songong https://t.co/O08TFZ9ZFc,0,3,5,10,in,1385407713987874820,1739490555749613884,3rwin__34,https://twitter.com/3rwin__34/status/1739490555749613884,https://pbs.twimg.com/ext_tw_video_thumb/1739490457934290944/pu/img/j9lvIqvVWs7USGBc.jpg,Indonesia
2023-12-26 10:58:43+07:00,1739495932008501276,Mohon di simpan :   TIM HUKUM NASIONAL   Laporkan Jika Ada Kecurangan   Whatsapp : 081242424319   Email : timhukumnasional@a-min.id  INDONESIA ADIL &amp; MAKMUR UNTUK SEMUA   ANIES &amp; MUHAIMIN     #KamiTidakTakut   PemiluBersih untuk kita semua https://t.co/Cs2oEeCJfS,42,68,1890,2719,in,1343533990045573127,1739495932008501276,FFathurF,https://twitter.com/FFathurF/status/1739495932008501276,https://pbs.twimg.com/media/GCPuVBcbsAAgjHe.jpg,"Kebayoran Baru, Indonesia"
2023-12-26 11:04:54+07:00,1739497490154758234,Setelah melihat debat  Saya menilai Anies Dan Muhaimin Pemimpin yang selalu memiliki solusi dalam menghadapi berbagai rintangan. https://t.co/ZPFow51XNL,0,0,0,1,in,916642837441204226,1739497490154758234,firdaushhh99x,https://twitter.com/firdaushhh99x/status/1739497490154758234,https://pbs.twimg.com/ext_tw_video_thumb/1739496735184244736/pu/img/fc_fR5eE5UcLnvPQ.jpg,1995 ‚Äî 90's
2023-12-26 11:06:41+07:00,1739497938320347644,Setelah gw lihat debat cawapres 2024  makin yakin deh Anies Dan Muhaimin sosok yang paling tepat untuk memimpin Indonesia. https://t.co/XsZhSIlGTz,0,0,0,1,in,1509028461947817985,1739497938320347644,stoicgrls,https://twitter.com/stoicgrls/status/1739497938320347644,https://pbs.twimg.com/ext_tw_video_thumb/1739496961118765056/pu/img/ToSEOT_nfkLYXvt0.jpg,
2023-12-26 11:07:33+07:00,1739498157044826255,Hayu semuanya kita pilih Anies dan Cak Imin dah! Emang paling bener milih Anis Muhaimin ü•≥ https://t.co/ZlawRfslu9,0,0,0,1,in,3305600441,1739498157044826255,indragawl,https://twitter.com/indragawl/status/1739498157044826255,https://pbs.twimg.com/ext_tw_video_thumb/1739497014780706816/pu/img/Yku0Mh0OYcvImYdl.jpg,
2023-12-26 11:09:10+07:00,1739498564370461064,Timnas Anies Baswedan-Muhaimin Iskandar menilai pertanyaan dengan istilah sulit diajukan cawapres Gibran Rakabuming terkesan menjatuhkan lawan. https://t.co/Pj3laPINij,4,5,2,4,in,23343960,1739498564370461064,kompascom,https://twitter.com/kompascom/status/1739498564370461064,,Jakarta
2023-12-26 11:09:44+07:00,1739498706259611879,muhaimin menyinggung soal kurangnya lapangan kerja dan tingginya pajak bagi warga kelas menengah. Banyak hal yang kurang diperhatikan pemerintah. https://t.co/aO51K0iZAQ,0,0,0,1,in,308904601,1739498706259611879,sucikrsma,https://twitter.com/sucikrsma/status/1739498706259611879,https://pbs.twimg.com/ext_tw_video_thumb/1739498441657679872/pu/img/QmNk-aTCuc1JW-Id.jpg,"Bogor, Jawa Barat"
2023-12-26 11:11:30+07:00,1739499149492666778,Anies-Muhaimin ingin Mewujudkan Manusia Indonesia yang Sehat  Cerdas  Produktif  Berakhlak  serta Berbudaya. Udah deh kita pilih Anies 2024 nanti https://t.co/srcLlc5bko,0,0,0,1,in,850372920,1739499149492666778,vickyarmf,https://twitter.com/vickyarmf/status/1739499149492666778,https://pbs.twimg.com/ext_tw_video_thumb/1739498566320836608/pu/img/sKuTdXlcPbo2hTye.jpg,IV/VI. XX. MMIV. Aimed to RP.
2023-12-26 11:11:52+07:00,1739499244736934263,Suka atau tidak suka  politik Indonesia hari ini sedikit banyak ditentukan oleh politikus ini: 1. Muhaimin Iskandar  Mahfud MD dikader Gus Dur 2. Jokowi/Gibran  Ganjar kader2 Megawati 3. Prabowo  Anies banyak mewarisi jaringan yang dulunya dibesarkan pak Amien.,6,17,138,714,in,150648581,1739499244736934263,analispolitik,https://twitter.com/analispolitik/status/1739499244736934263,,Australia
2023-12-26 11:30:00+07:00,1739503805098823884,Laskar Santri Jember Ikrar Menangkan Dwitunggal Anies-Muhaimin  https://t.co/PHmxaRxWSM,0,151,48,166,in,1443801854756880385,1739503805098823884,kba_news,https://twitter.com/kba_news/status/1739503805098823884,,
2023-12-26 11:36:22+07:00,1739505408358932648,Daniel Amier bakal ke Penang FC musim 2024. Setakat ini Penang mahu juga membawa masuk pemain muda berbakat di posisi tengah iaitu Muhaimin Izzudin dari TRW.  Adakah kita dapat tengok Danial Amier   Nik Akif dan Muhaimin di posisi tengah 'Harimau Kumbang' pada musim depan ? ü§î https://t.co/i2y4VDk3dU,0,2,2,4,in,1435699946590666752,1739505408358932648,PcntaBolaSpakMy,https://twitter.com/PcntaBolaSpakMy/status/1739505408358932648,https://pbs.twimg.com/media/GCP28l7a8AAXwnD.jpg,"Kuala Lumpur, Malaysia"
2023-12-26 11:36:48+07:00,1739505518069371141,*TENTUKAN PILIHANMU PILPRES 2024* - GANJAR MAHFUD 3 - 2.4% - PRABOWO GIBRAN 2 - 6.1% - ANIES MUHAIMIN 1 - 91.5%  Total Votes : 7426    Berikan vote anda  klik link   https://t.co/ka6xQDxGUA   Tolong forward ke group dan teman-temanmu ya. Terima kasih,1,0,6,10,in,1603537926482145280,1739505518069371141,IwanIwanely72,https://twitter.com/IwanIwanely72/status/1739505518069371141,,"Kota Surabaya, Jawa Timur"
2023-12-26 11:38:13+07:00,1739505875277246573,Pengamat Tata Kota Nirwono Yoga menyebut janji Calon Wakil Presiden Nomor Urut 1 Muhaimin Iskandar atau Cak Imin membangun 40 kota selevel Jakarta tidak realistis. &lt; #AniesMuhaimin #Pemilu2024KCM #JernihMemilih https://t.co/pkwwpqYgIv,2,12,0,9,in,23343960,1739505875277246573,kompascom,https://twitter.com/kompascom/status/1739505875277246573,,Jakarta
2023-12-26 11:42:34+07:00,1739506968052850996,PKS memastikan kadernya bergerak mengampanyekan Anies-Muhaimin di tengah minimnya dana kampanye. https://t.co/4OVRQiR8vM,13,33,105,543,in,23343960,1739506968052850996,kompascom,https://twitter.com/kompascom/status/1739506968052850996,,Jakarta
2023-12-26 11:43:57+07:00,1739507316289089673,Hasil Survei Elektabilitas Capres Terbaru  Pasangan Terkuat Makin Kuat  Pilpres 2024 Bisa 1 Putaran ‚Ä¢ No.Urut 2 Prabowo-Gibran :  50 2 % ‚Ä¢ No.Urut 3 Ganjar-Mahfud :  23 4 % ‚Ä¢ No.Urut 1 Anies-Muhaimin :  17 9 %  Bissmillah menang satu Putaran.  https://t.co/ZU8y5OeF5Q,16,275,27,84,in,140727872,1739507316289089673,RicKY_KCh,https://twitter.com/RicKY_KCh/status/1739507316289089673,,"Jakarta Pusat, DKI Jakarta"
2023-12-26 11:47:27+07:00,1739508198954955081,#NewProfilePic missed this one. https://t.co/kms3hGyYZe,0,4,0,12,en,1305621151939465216,1739508198954955081,brokeurmuhymen,https://twitter.com/brokeurmuhymen/status/1739508198954955081,https://pbs.twimg.com/media/GCP5fMLX0AAv4Eb.jpg, üè¥Û†ÅßÛ†Å¢Û†Å•Û†ÅÆÛ†ÅßÛ†Åøüáßüá© 19 
2023-12-26 11:52:32+07:00,1739509478872273363,Ya Robb....  ridho i pasangan Anies Muhaimin menjadi pemimpin bangsa kami https://t.co/o2I375VIkj,0,0,0,0,in,1707750027505065984,1739509478872273363,TilikDesa,https://twitter.com/TilikDesa/status/1739509478872273363,https://pbs.twimg.com/ext_tw_video_thumb/1739509422039425024/pu/img/ArPP9NQ2wek7xcc_.jpg,
2023-12-26 12:00:00+07:00,1739511355290378666,Tinggal di Semarang  Pendeta Romauli Situmorang Mantap Dukung Anies-Muhaimin  https://t.co/GMIEouesIa,1,100,168,562,in,1443801854756880385,1739511355290378666,kba_news,https://twitter.com/kba_news/status/1739511355290378666,,
2023-12-26 12:11:00+07:00,1739514123573186858,Mari menangkan Anies Baswedan - Muhaimin Iskandar utk Indonesia yg lebih Baik! üí™üáÆüá©,0,1,71,217,in,30766806,1739514123573186858,Reiza_Patters,https://twitter.com/Reiza_Patters/status/1739514123573186858,,"Tomage-Fakfak, Indonesia"
2023-12-26 12:17:00+07:00,1739515632935116834,Anies Baswedan  merespons soal pernyataan Ketua Umum PBNU KH Yahya Cholil Staquf  yang mengguyoni cawapres Muhaimin Iskandar di Pondok Pesantren Almunawwir Krapyak Yogyakarta. Ada pun guyonan tersebut yakni Cak Imin mungkin tidak akan menang. (ist)  https://t.co/hE083nxfS2,0,106,10,73,in,124171593,1739515632935116834,tribunnews,https://twitter.com/tribunnews/status/1739515632935116834,,Indonesia
2023-12-26 12:21:08+07:00,1739516673869468058,"Pendukung sebelah menganggap Gibran CUPU""  ternyata ""SUHU""  Mahfud menganggap Suhu ternyata Cupu ü§≠ Eh Muhaimin ternyata cuma slepet doang ü§£ü§£  Beginilah klo suka menghujat mas Gibran sekali slepet langsung üëâKO üëé  Prabowo Gibran the best #PrabowoGibran2024 https://t.co/dFjwyDfijn""",14,104,84,164,in,1469280329093373956,1739516673869468058,putri_Aalona,https://twitter.com/putri_Aalona/status/1739516673869468058,https://pbs.twimg.com/ext_tw_video_thumb/1739516603581300736/pu/img/KIJJP0nYy3GsIuyg.jpg,Yerusalem 
2023-12-26 12:26:36+07:00,1739518048418271651,Prediksi Saya Pasangan Anies-Muhaimin Ini Menang satu putaran di Pilpres 2024.   Beliau ini punya gagasan  visi dan misi Dengan perubahan sebagai dasar gagasan  beliau berdua mengusung visi yang merupakan impian jutaan rakyat Indonesia  yakni: Indonesia Adil Makmur untuk Semua  https://t.co/IuvdMCpQNW,15,89,497,1536,in,1476222115158183937,1739518048418271651,putrisakera,https://twitter.com/putrisakera/status/1739518048418271651,https://pbs.twimg.com/media/GCQCcLWaUAA6-Fp.jpg,
2023-12-26 12:29:48+07:00,1739518856392270108,Kenapa AMIN BERANI UNTUK RAKYAT ??  Karena Anies Muhaimin Melalui Program2 nya BERANI Berbuat Untuk Rakyat    Pemberantasan Judi Online  Pinjol dll  serta memberikan Anggaran sebenar benarnya Untuk Rakyat  Bukan Untuk Korporasi Atau Oligarki. https://t.co/8NWHLC0Fjr,3,112,316,838,in,1227719379103571968,1739518856392270108,sutanmangara,https://twitter.com/sutanmangara/status/1739518856392270108,https://pbs.twimg.com/media/GCQDLk9boAAXzbl.jpg,Indonesia
2023-12-26 12:30:00+07:00,1739518905020989683,Pengusaha Tajir Siap Terlibat Kampanye Anies Baswedan-Muhaimin Iskandar di Tangerang  https://t.co/DPnA45nmAp,1,101,16,100,in,1443801854756880385,1739518905020989683,kba_news,https://twitter.com/kba_news/status/1739518905020989683,,
2023-12-26 12:31:17+07:00,1739519227227205874,Muhaimin promises to increase state budget allocation for R&amp;D #jakpost https://t.co/QED2PMEFai https://t.co/El59n49mLS,0,0,0,4,en,68577507,1739519227227205874,jakpost,https://twitter.com/jakpost/status/1739519227227205874,https://pbs.twimg.com/media/GCQDhO1WQAA6pKd.jpg,Jakarta
2023-12-26 12:37:30+07:00,1739520792633967023,Maju terus Anies Baswedan - Muhaimin Iskandar!   Untuk Indonesia yang lebih baik! üí™üáÆüá©,0,0,32,117,in,30766806,1739520792633967023,Reiza_Patters,https://twitter.com/Reiza_Patters/status/1739520792633967023,,"Tomage-Fakfak, Indonesia"
2023-12-26 12:43:57+07:00,1739522418379751921,Hayu semuanya kita pilih Anies Baswedan dah! Emang paling bener milih Anis Muhaimin ü•≥ https://t.co/H6n5f0rrcj,0,0,0,1,in,768334093000007684,1739522418379751921,mqemutar,https://twitter.com/mqemutar/status/1739522418379751921,https://pbs.twimg.com/ext_tw_video_thumb/1739522318752505856/pu/img/wMJp4CVCk2aihHbC.jpg,
2023-12-26 12:48:26+07:00,1739523543883563071,Komandan Tim Komunikasi TKN Prabowo Gibran  Budisatrio Djiwandono memberi tanggapan atas pernyataan calon wakil presiden nomor urut 1 Muhaimin Iskandar terkait sikap yang menolak Ibu Kota Negara (IKN) Nusantara.   https://t.co/hWJ9kf7HdX,0,0,0,0,in,1668261905276841985,1739523543883563071,SemetonPrabowo,https://twitter.com/SemetonPrabowo/status/1739523543883563071,,
2023-12-26 13:07:43+07:00,1739528397506875594,@mardigu024 Saya masih waras lahir batin. Otak saya masih jalan. Tentu pilihan saya anies muhaimin,0,0,1,32,in,2999255210,1739523666357170306,qhimroqhimm,https://twitter.com/qhimroqhimm/status/1739528397506875594,,
2023-12-26 13:10:32+07:00,1739529104339476790,Bismillah  üáÆüá© Warga Tanah Abang Bersama Paslon AMIN No 1.  Alhamdulillah ü§≤ Ikut Komando IBHRS &amp; Ijtima' Ulama warga Tanah Abang Jakarta Pusat memasang baliho bergambar Capres/Cawapres Anies Baswedan &amp; Muhaimin Iskandar.  #AMINAjaDulu untuk Indonesia Lebih baik lagi  Aamiin ü§≤ https://t.co/8SeR2kpjjx,0,1,16,34,in,1651123026203901952,1739529104339476790,NinzExe07,https://twitter.com/NinzExe07/status/1739529104339476790,https://pbs.twimg.com/media/GCQMgHsa8AAn6Rf.jpg,
2023-12-26 13:15:00+07:00,1739530229138465134,TPD Jambi Adakan Rapat Tekad Pemenangan Anies Baswedan-Muhaimin Iskandar  https://t.co/xTFfOD7dzu,0,101,16,129,in,1443801854756880385,1739530229138465134,kba_news,https://twitter.com/kba_news/status/1739530229138465134,,
2023-12-26 13:15:56+07:00,1739530466431226163,@doododooo Yg anda tunjukan pun salah pertanyaan awal Gibran : bagaimana langkah gus muhaimin menaikan peringkat indonesia di SGIE langkahnya yg ditanya. saat ini indonesia berada di possisi 4 apa langkah gus supaya indo bisa naik ke 3 2 1. Gitu loh mba/mas percuma saya jelasin sebenarnya https://t.co/U1Px8y8sUy,0,1,0,0,in,1396827647183708160,1738206404668961226,yukifoya,https://twitter.com/yukifoya/status/1739530466431226163,https://pbs.twimg.com/media/GCQNvJ1bgAEWnOJ.jpg,
2023-12-26 13:17:08+07:00,1739530767695544789,Kenapa Prabowo tidak mau jadikan Muhaimin dan Mahfud wakilnya  walau mereka terus berupaya? Kenapa malah jadikan Gibran?   Kenapa Gibran tidak mau menerima tawaran Ganjar dan Anies sebagai calon wakil Presiden  walau mereka terus berupaya? Kenapa malah menerima tawaran Prabowo?‚Ä¶,78,990,56,364,in,1447610310529982467,1739530767695544789,TeddGus,https://twitter.com/TeddGus/status/1739530767695544789,,
2023-12-26 13:31:52+07:00,1739534474533380541,Alhamdulillah dapat dukungan solid dari Kiai üòç  https://t.co/a2ULapfV5A,0,0,0,0,in,1653651417402576897,1739534474533380541,relawandesaAMIN,https://twitter.com/relawandesaAMIN/status/1739534474533380541,,
2023-12-26 13:32:03+07:00,1739534519487901717,Alhamdulillah dapat dukungan solid dari Kiai üòç  https://t.co/feWxkdV7r3,0,0,0,0,in,1650863303621746688,1739534519487901717,Pejantanmu50336,https://twitter.com/Pejantanmu50336/status/1739534519487901717,,
2023-12-26 13:32:18+07:00,1739534585028120831,Alhamdulillah dapat dukungan solid dari Kiai üòç  https://t.co/ggkZTuxk4v,0,0,0,0,in,1722235269565595649,1739534585028120831,aminkanindonesa,https://twitter.com/aminkanindonesa/status/1739534585028120831,,
2023-12-26 13:36:22+07:00,1739535608635383904,@tempodotco Anies-Muhaimin=Batalkan IKN Prabowo-Gibran=Lanjutkan IKN Ganjar-Mahfud=Lanjutkan IKN,0,0,0,0,in,1675833301662318594,1739528106497687663,HirupidungBabi,https://twitter.com/HirupidungBabi/status/1739535608635383904,,samarinda
2023-12-26 13:40:00+07:00,1739536522003759535,aku doain semoga yang suka ngelawak panjang umur dan bahagia selalu yaa.. ketik 1 untuk bantu anies muhaimin 111111,0,3,0,0,in,1574388760103383040,1739536522003759535,mooselic,https://twitter.com/mooselic/status/1739536522003759535,,she/her
2023-12-26 13:56:50+07:00,1739540758217232613,Sebenarnya (*kalau di lihat2) Muhaimin Ini agen ganda,0,0,0,0,in,1314014557208150016,1739540758217232613,crackeight,https://twitter.com/crackeight/status/1739540758217232613,,Rawa (Rontek? ) bukan
2023-12-26 14:15:00+07:00,1739545328645255328,Ratusan Ribu APK Dwitunggal Anies-Muhaimin Serbu Jawa Timur  https://t.co/gomnLxyhZB,0,0,12,30,in,1443801854756880385,1739545328645255328,kba_news,https://twitter.com/kba_news/status/1739545328645255328,,
2023-12-26 14:17:19+07:00,1739545911955501212,Post-debate  Muhaimin speaks of ‚Äòslepet‚Äô and other jargon #jakpost https://t.co/WVChzUQU3M https://t.co/i9ggzLncHY,0,2,3,1,en,68577507,1739545911955501212,jakpost,https://twitter.com/jakpost/status/1739545911955501212,https://pbs.twimg.com/media/GCQbyfVWYAAVa77.jpg,Jakarta
2023-12-26 14:18:08+07:00,1739546117128470607,Dukung terus Anies Baswedan dan muhaimin iskandar bersama koalisi perubahan Indonesia 2024,0,0,0,0,in,1685557767799812097,1739546117128470607,inejxrable,https://twitter.com/inejxrable/status/1739546117128470607,,
2023-12-26 15:01:42+07:00,1739557084205924556,BINTANG LAPANGAN ‚ñ™Ô∏é tiap ikut kampanye Anies-Muhaimin yg always jadi bintang lapangan dan target selfie/foto bareng publik ya Daeng Mosad (Moh Said Didu) alias @msaid_didu yg kalau bicara selalu berdasar fakta. Sehingga mereka tak bisa bantah. ‚òÜ kritiknya runcing...! https://t.co/olQXAAP1LE,2,16,224,757,in,62854021,1739557084205924556,AdhieMassardi,https://twitter.com/AdhieMassardi/status/1739557084205924556,https://pbs.twimg.com/media/GCQl8wVbIAADBTe.jpg,
2023-12-26 15:02:42+07:00,1739557334706528535,ùêäùêÄùêåùêî (Kredit Anak Muda)   Calon wakil presiden nomor urut satu  Muhaimin Iskandar menjanjikan 5 persen dari dana anggaran Anggaran Pendapatan dan Belanja Negara (APBN) dialokasikan untuk kredit usaha anak muda.  AMIN kakak-kakak? #AMINAjaDulu   #DebatCawapres #PartaiNasDem‚Ä¶ https://t.co/mmYPV90k2w,3,207,284,927,in,109149190,1739557334706528535,NasDem,https://twitter.com/NasDem/status/1739557334706528535,https://pbs.twimg.com/ext_tw_video_thumb/1739557285821911040/pu/img/gyKC6jeQnIBH4hc7.jpg,"√úT: -6.177799,106.843475"
2023-12-26 15:02:45+07:00,1739557345410302251,ùêäùêÄùêåùêî (Kredit Anak Muda)   Calon wakil presiden nomor urut satu  Muhaimin Iskandar menjanjikan 5 persen dari dana anggaran Anggaran Pendapatan dan Belanja Negara (APBN) dialokasikan untuk kredit usaha anak muda.  AMIN kakak-kakak? #AMINAjaDulu   #DebatCawapres #PartaiNasDem‚Ä¶ https://t.co/d4zJFwb7fe,3,11,123,349,in,109149190,1739557345410302251,NasDem,https://twitter.com/NasDem/status/1739557345410302251,https://pbs.twimg.com/ext_tw_video_thumb/1739557280289538048/pu/img/MpfuGVYp_OZiiR1F.jpg,"√úT: -6.177799,106.843475"
2023-12-26 15:10:31+07:00,1739559300018864541,If we want to know about 'Slepet'. Aseli ngguya nguyu ngetwit ini.  #AniesMuhaimin2024 #PKBMenang  #SedulureMbaNad #SahabatMbaNad  https://t.co/0MvTaJYayR,0,0,0,0,tl,1625075615669035008,1739559300018864541,SahabatNadlifah,https://twitter.com/SahabatNadlifah/status/1739559300018864541,,Jakarta - Brebes - Tegal 
2023-12-26 15:27:14+07:00,1739563508428324949,Big projects  And I am very excited for this project... @GloriaS6426 @Mah60472Sainath @AshleyM152201#Airdrop #Giveaway #BSC #Binance‚ÄØ‚ÄØ‚ÄØ #Solana #Bitcoin‚ÄØ‚ÄØ‚ÄØ #MEXC #SolanaSeason #DRC20 #CryptoNews #BRC20 $BNB $WIF $SHIB $SOL $OMNI https://t.co/XNtjKh9Xcr,0,0,0,1,en,1655117540845309953,1739563508428324949,hossen_muhaimin,https://twitter.com/hossen_muhaimin/status/1739563508428324949,,
2023-12-26 15:30:42+07:00,1739564379862139141,@msaid_didu Muhaimin tewas kena slepet blimbing sayur,0,0,0,0,in,3442511773,1739256109213651243,hartoyo5989pr,https://twitter.com/hartoyo5989pr/status/1739564379862139141,,"Kota Palembang, Sumatera Selat"
2023-12-26 15:41:10+07:00,1739567015768334479,Ada dalam kalangan kanak-kanak Gaza yang selamat dari serangan roket  namun kelaparan dan kesejukan pula membunuh mereka.. üò¢,1,0,132,125,in,2179498534,1739567015768334479,_muhaimin26,https://twitter.com/_muhaimin26/status/1739567015768334479,,"Kuala Lumpur, Wilayah Persekut"
2023-12-26 15:47:32+07:00,1739568616008507896,Bangsa paling celaka..,1,0,211,176,tl,2179498534,1739568616008507896,_muhaimin26,https://twitter.com/_muhaimin26/status/1739568616008507896,,"Kuala Lumpur, Wilayah Persekut"
2023-12-26 15:56:54+07:00,1739570972905337041,@cakimiNOW Gus Muhaimin ini pemimpin yang alim dan kalo di liat liat bikin sejuk mata,0,0,0,0,in,1712754656370462720,1738535270407094600,Andhika228388,https://twitter.com/Andhika228388/status/1739570972905337041,,
2023-12-26 16:03:33+07:00,1739572646919250286,PINTERNET PROGRAM PAK ANIES MUHAIMIN AMIN internet cepat   (PINTERNET)   1- Kuota 30 GB untuk mahasiswa   2- Rata-rata kecepatan Internet 100 Mbps 3 - 100% Puskesmas &amp; Desa terkoneksi internet  #AMINAjaDulu  cek disini https://t.co/OVqbpWSzfZ https://t.co/GOY4biBAdD,0,1,7,3,in,1464106024454008833,1739572646919250286,MANROCHM,https://twitter.com/MANROCHM/status/1739572646919250286,https://pbs.twimg.com/media/GCQyylPaMAAZQ1x.png,
2023-12-26 16:05:14+07:00,1739573070166430170,@PiCoreTeam Arrogant admin moderator  my chat channel was muted https://t.co/MLt0s4Qu4R,0,0,0,0,en,2204929734,1739573070166430170,amin_muhaimin1,https://twitter.com/amin_muhaimin1/status/1739573070166430170,https://pbs.twimg.com/media/GCQ0fQVaoAAt1fZ.jpg,Jakarta
2023-12-26 16:16:32+07:00,1739575913267032342,@mardigu024 Anies-Muhaimin https://t.co/YYZyObvbAn,0,0,0,1,tl,1636766185789493248,1739523666357170306,ancell03,https://twitter.com/ancell03/status/1739575913267032342,https://pbs.twimg.com/media/GCQ25t9bwAAZF3B.png,
2023-12-26 16:16:37+07:00,1739575936063017092,@DPP_PKB @cakimiNOW Anies-Muhaimin Presiden 2024üëçü´°,0,0,0,0,en,1726210375291641856,1738475947102458172,AnggaMozs_,https://twitter.com/AnggaMozs_/status/1739575936063017092,,
2023-12-26 16:19:06+07:00,1739576559940538399,@ommi_siregar Namanya muhaimin iskandar Noted!!!  Waspada üòÖüòÖüòÖ https://t.co/39n3FAYVyP,1,0,2,6,in,1505751022588755968,1739448148052025833,ossicapello,https://twitter.com/ossicapello/status/1739576559940538399,https://pbs.twimg.com/ext_tw_video_thumb/1739576515439034368/pu/img/EZgsPmQI9_oqlfNu.jpg,
2023-12-26 16:40:16+07:00,1739581886396330126,Kami santri dan alumni pondok pesantren Lirboyo dan pondok pesantren Ploso dan pondok pesantren Tegalrejo berikrar dan berikhtiar untuk memenangkan pasangan Anies cak Muhaimin jadi presiden di 2024  #AMINAjaDulu  #AMINAjaDulu https://t.co/P7kIqhakyt,5,118,309,779,in,826085696838393856,1739581886396330126,m_4r1_oslo,https://twitter.com/m_4r1_oslo/status/1739581886396330126,https://pbs.twimg.com/ext_tw_video_thumb/1739581848395907072/pu/img/cqu4c0qHUXnxw6H6.jpg,Indonesia
2023-12-26 16:41:48+07:00,1739582272800702912,Anies Baswedan menjelaskan dari gagasan yang disampaikan oleh calon wakil presidennya  Muhaimin Iskandar yang menyebut akan bangun 40 kota layaknya Jakarta.  Download #MetroTVXtend sekarang di Play Store dan App store.  #aniesbaswedan #muhaiminiskandar #cakimin #amin‚Ä¶ https://t.co/quyaLD1tzE,3,31,128,331,in,57261519,1739582272800702912,Metro_TV,https://twitter.com/Metro_TV/status/1739582272800702912,https://pbs.twimg.com/ext_tw_video_thumb/1739570665542582273/pu/img/lU294TNehbbHu4Fr.jpg,
2023-12-26 16:55:36+07:00,1739585744459759946,Cawapres nomor urut 1  Muhaimin Iskandar atau Cak Imin berharap  partai pengusung bisa lebih banyak membantu terkait dana untuk kepentingan kampanye dalam Pilpres 2024. &lt; #MuhaiminIskandar #AniesMuhaimin #Pemilu2024KCM #JernihMemilih https://t.co/5VqicWJ3SO,0,1,0,0,in,23343960,1739585744459759946,kompascom,https://twitter.com/kompascom/status/1739585744459759946,,Jakarta
2023-12-26 17:00:02+07:00,1739586862141087749,Terima kasih para relawan AMIN yang terus kerja keras secara mandiri untuk kemenangan AMIN. Ayo kita sebarkan semangat perubahan ke seluruh pelosok negeri!  #AMINajaDulu #SpandukRakyat https://t.co/qnrt5x8GwW,13,83,1147,3263,in,1490116879,1739586862141087749,cakimiNOW,https://twitter.com/cakimiNOW/status/1739586862141087749,https://pbs.twimg.com/amplify_video_thumb/1739586612684845056/img/miT9o_E20-cMr-VJ.jpg,Indonesia
2023-12-26 17:00:02+07:00,1739586861150916626,Cawapres 01 Muhaimin Iskandar mengkritik masifnya pembangunan jalan tol. Menurutnya  tol hanya memanjakan masyarakat bermobil  tetapi tak bisa dinikmati tukang becak. Benarkah demikian? Baca penjelasannya dalam #EKOPEDIA dari #CNNIndonesia berikut: https://t.co/JlXsNxjxbu https://t.co/O8LsJeEC7r,1,1,2,11,in,17128975,1739586861150916626,CNNIndonesia,https://twitter.com/CNNIndonesia/status/1739586861150916626,https://pbs.twimg.com/amplify_video_thumb/1738787221413765120/img/KBh1fOJZW2nR8tcN.jpg,
2023-12-26 17:03:11+07:00,1739587655011287275,Cawapres nomor urut 1 Muhaimin Iskandar menjelaskan pengakuannya yang tidak tahu tentang SGIE dalam Debat Cawapres  Jumat (22/12/23). Cak Imin menilai ketidaktahuannya tentang SGIE itu adalah hal yang lumrah lantaran kurang jelasnya penyampaian saat itu.  https://t.co/1iN1lwrvkx,2,5,0,1,in,23343960,1739587655011287275,kompascom,https://twitter.com/kompascom/status/1739587655011287275,,Jakarta
2023-12-26 17:16:13+07:00,1739590935330410734,Anies Baswedan &amp; Muhaimin Iskandar  Bertekad untuk tak mengecewakan ulama https://t.co/ly2oHYryGV,0,0,0,1,in,4699432580,1739590935330410734,masokisz,https://twitter.com/masokisz/status/1739590935330410734,https://pbs.twimg.com/ext_tw_video_thumb/1739590700570918912/pu/img/dbbfxUCi-ecrNZDG.jpg,Indonesia
2023-12-26 17:17:30+07:00,1739591259336126681,Big projects  And I am very excited for this project... @GloriaS6426 @Mah60472Sainath @AshleyM152201,0,0,0,0,en,1655117540845309953,1739591259336126681,hossen_muhaimin,https://twitter.com/hossen_muhaimin/status/1739591259336126681,,
2023-12-26 17:40:40+07:00,1739597088646922680,@Tita83079013 TITA TIKUS TANAH APAPUN BACOTANMU AKU SEKELUARGA COBLOS NO 1 AMIN ANIES MUHAIMIN PAHAM? https://t.co/rZ9nz6tC6z,0,0,0,3,in,1722461843829174272,1739308268214980872,Hasan39309617,https://twitter.com/Hasan39309617/status/1739597088646922680,https://pbs.twimg.com/ext_tw_video_thumb/1739596976818401280/pu/img/w8-hXOMBEyug7cIJ.jpg,
2023-12-26 17:42:25+07:00,1739597529766134076,¬∞ Cak Imin | 01   Ini bijimandra sih ..  Kok mbalelo  mencla mencle gegara mimpi ingin jadi cawapres.   Sudah :   üëâ Tumpengan di IKN   Sudah :  üëâ Ketum PKB  Muhaimin Iskandar  turut menyetujui rencana pembangunan IKN.   UU IKN resmi   sudah ketok palu di DPR.   .  üëá lha kok‚Ä¶ https://t.co/4If0PWM1p0,0,5,8,12,in,69246245,1739597529766134076,AnakTangsiAD,https://twitter.com/AnakTangsiAD/status/1739597529766134076,https://pbs.twimg.com/media/GCRKuo_acAA-EVO.jpg,zona Serdadu
2023-12-26 17:44:31+07:00,1739598057350844884,Kenapa IMIN itu singkatan dari Inkonsisten  Muhaimin ? Ya karena ada alasannya :  1. Ikut potong tumpeng di IKN tapi sekarang malah tolak IKN  2. Ikut sahkan UU Ciptaker tapi sekarang mau revisi UU Ciptaker  Bingungkan ?? üòÇ https://t.co/zF51hDb1VW,4,4,25,29,in,1259753320152887296,1739598057350844884,Naandaa27,https://twitter.com/Naandaa27/status/1739598057350844884,https://pbs.twimg.com/media/GCRLNtcbsAAFdiF.jpg,"Ponorogo, Indonesia"
2023-12-26 17:47:36+07:00,1739598832298754555,Survei Indikator Politik menunjukkan  hanya 42 3 persen responden yang menonton debat capres dan mayoritas memilih Anies-Muhaimin. https://t.co/TtKmE9LSBt,0,0,1,7,in,23343960,1739598832298754555,kompascom,https://twitter.com/kompascom/status/1739598832298754555,,Jakarta
2023-12-26 18:03:31+07:00,1739602839130030506,all in anies muhaimin https://t.co/021cQEnuBV,0,0,0,0,en,1651870273845727232,1739602839130030506,NajlaAuliy76937,https://twitter.com/NajlaAuliy76937/status/1739602839130030506,https://pbs.twimg.com/media/GCRPeF9aYAAhn41.jpg,
2023-12-26 18:16:38+07:00,1739606137723555938,Yuk kita ajak Rakyat Indonesia secara Aklamasi dukung Pasangan Anies &amp; Muhaimin menjadi Presiden &amp; Wakil Presiden RI Periode 2024 - 2029..!! https://t.co/c0i0Xf4wuY,0,0,48,129,in,1401837073166860291,1739606137723555938,DaengWahidin2,https://twitter.com/DaengWahidin2/status/1739606137723555938,https://pbs.twimg.com/media/GCRSj0qbIAARCl1.jpg,"Jatinegara, Indonesia"
2023-12-26 18:31:38+07:00,1739609911930327056,@cakimiNOW Anies - Muhaimin presiden 2024!!,0,0,0,0,en,1730980306658983936,1739469028459212937,hermansula71602,https://twitter.com/hermansula71602/status/1739609911930327056,,
2023-12-26 18:42:06+07:00,1739612547140182147,Cawapres nomor urut 1 Muhaimin Iskandar (@cakimiNOW) berdebat dengan cawapres nomor urut 2 Gibran Rakabuming Raka (@gibran_tweet) soal banyaknya proyek pusat di Surakarta sejak Gibran menjabat sebagai Wali Kota. Gibran pun mengatakan jika jumlah proyek dan anggaran sebelum‚Ä¶ https://t.co/S1p5p2BlS8,0,1,8,23,in,57261519,1739612547140182147,Metro_TV,https://twitter.com/Metro_TV/status/1739612547140182147,https://pbs.twimg.com/ext_tw_video_thumb/1739612439124258816/pu/img/oVordWpLV0urdsdi.jpg,
2023-12-26 18:45:40+07:00,1739613446067634290,@HIMAIBF https://t.co/ZMLhMC5jo0,0,0,0,0,qme,1657716382593851392,1739613446067634290,muhaimin_member,https://twitter.com/muhaimin_member/status/1739613446067634290,https://pbs.twimg.com/media/GCRZNSJacAAD5Li.jpg,"Bangkalan, Indonesia"
2023-12-26 19:01:21+07:00,1739617392618267018,Kapten Tim Nasional Pemenangan Anies Baswedan-Muhaimin Iskandar (Timnas AMIN)  Marsekal TNI (Purn) Muhammad Syaugi Alaydrus mengatakan saat ini elektabilitas pasangan calon presiden (capres)-calon wakil presiden (cawapres) nomor urut 1 Anies-Muhamin trennya mengalami kenaikan.‚Ä¶ https://t.co/fsEEVvbvdB,39,402,897,3361,in,55507370,1739617392618267018,tvOneNews,https://twitter.com/tvOneNews/status/1739617392618267018,https://pbs.twimg.com/media/GCRcy8ZbAAAqYwS.jpg,"Pulo Gadung, Indonesia"
2023-12-26 19:02:08+07:00,1739617590753017886,Deklarasi Dukungan Purnawirawan TNI   POLRI  Untuk Anies Rasyid Baswedan  dan Muhaimin Iskandar  untuk Perubahan dan Persatuan.. https://t.co/pDyh6InY16,0,102,80,153,in,1570327716611891201,1739617590753017886,Ryan_Al_Faqir,https://twitter.com/Ryan_Al_Faqir/status/1739617590753017886,https://pbs.twimg.com/ext_tw_video_thumb/1739617472314314752/pu/img/72ZdoqmQ7WuPy_UX.jpg,
2023-12-26 19:08:34+07:00,1739619208156352775,anak muda all in AMIN anis muhaimin #hotlineparis https://t.co/DMLWRnAp3k,0,0,0,0,in,1651870273845727232,1739619208156352775,NajlaAuliy76937,https://twitter.com/NajlaAuliy76937/status/1739619208156352775,https://pbs.twimg.com/media/GCReYf8bMAAvLfm.jpg,
2023-12-26 19:18:11+07:00,1739621628232061159,Survei Indikator: Elektabilitas Prabowo-Gibran 46 7 persen; Anies-Muhaimin dan Ganjar-Mahfud Bersaing Ketat https://t.co/W8HqXBcJpw #TempoNasional,5,23,1,7,in,18129942,1739621628232061159,tempodotco,https://twitter.com/tempodotco/status/1739621628232061159,,Indonesia
2023-12-26 19:21:55+07:00,1739622567386992834,@aniesbaswedan Saat kampanye aja penuh inovasi yang kreatif-kreatif  apalagi kalau sempat jadi Presiden-Wakil Presiden. Semoga Allah menangkan Anis-Muhaimin. Amin.,0,1,1,49,in,962365600067563520,1739617092876525766,manik_rosimen,https://twitter.com/manik_rosimen/status/1739622567386992834,,"Jakarta, Indonesia"
2023-12-26 19:25:08+07:00,1739623376845729957,Kampung Anies diklaim sebagai wilayah basis pendukung pasangan Anies Baswedan-Muhaimin Iskandar. https://t.co/qJJZzZzXyJ,0,0,1,4,in,23343960,1739623376845729957,kompascom,https://twitter.com/kompascom/status/1739623376845729957,,Jakarta
2023-12-26 19:30:07+07:00,1739624631257178574,KETUA UMUM PARTAI DUKUNG PRABOWO-GIBRAN...  CALEG DAN AKAR RUMPUT DUKUNG ANIES-MUHAIMIN...‚ÄºÔ∏è  #KPUCurangGibranLicik #KPUCurangGibranLicik üÜòüÜó  https://t.co/82R4S2pEht,0,0,1,2,in,1679184284098367489,1739624631257178574,P3n99u94t_,https://twitter.com/P3n99u94t_/status/1739624631257178574,,
2023-12-26 19:43:59+07:00,1739628121165599039,"Dalam acara Dua Sisi tvOne dengan tema Debat Cawapres yang Ditunggu  Akankah Ada Kejutan?"" Usamah Abdul Aziz  selaku Jubir Muda Anies Muhaimin mengatakan Cak Imin punya gratitude understanding dan ia sangat tau apa yang dibutuhkan seseorang.   Selain itu  ia juga mengatakan‚Ä¶ https://t.co/4iHKKUHjzE""",3,4,67,202,in,55507370,1739628121165599039,tvOneNews,https://twitter.com/tvOneNews/status/1739628121165599039,https://pbs.twimg.com/ext_tw_video_thumb/1739627772535091200/pu/img/nhvi5Lx3Ma20el4n.jpg,"Pulo Gadung, Indonesia"
2023-12-26 19:56:49+07:00,1739631352713211960,Capres nomor urut 1 @aniesbaswedan memberikan respons atas candaan ketum PBNU Gus Yahya yang menyebut Muhaimin Iskandar @cakimiNOW tidak akan menang di Pemilu 2024. Menurut Anies  pihaknya tak ambil pusing terkait candaan tersebut.   Download #MetroTVXtend di Play Store dan App‚Ä¶ https://t.co/kOyNAr4Bz1,1,233,98,378,in,57261519,1739631352713211960,Metro_TV,https://twitter.com/Metro_TV/status/1739631352713211960,https://pbs.twimg.com/ext_tw_video_thumb/1739631284677431296/pu/img/JzPCGSSTNGxv0dsM.jpg,
2023-12-26 20:02:06+07:00,1739632680982188238,Suasana Perpulangan Santri Al Hilal 1 Cililin  selamat liburan adik-adik üôÇ https://t.co/b1AuSHAyUf,0,0,0,0,in,1444798439338901507,1739632680982188238,MuhaiminArdy,https://twitter.com/MuhaiminArdy/status/1739632680982188238,https://pbs.twimg.com/ext_tw_video_thumb/1739632627320328192/pu/img/YPmcXQbrx9ruFymA.jpg,"Ngamprah, Indonesia"
2023-12-26 20:22:51+07:00,1739637901364015599,Per Detik Ini. Saya menyatakan dengan sepenuh hati akan mendukung dan berjuang untuk GIBRAN  Gerakan Indonesia BeRsama Anis MuhaimiN  Sekian,0,2,4,20,in,798800949829505024,1739637901364015599,oomwowo,https://twitter.com/oomwowo/status/1739637901364015599,,Indonesia
2023-12-26 20:23:21+07:00,1739638029583872256,Hasil Survei NASIONAL INDIKATOR POLITIK INDONESIA periode 23-24 Desember 2023. Menempatkan Prabowo - Gibran urutan pertama dengan 46 7% unggul jauh dari Paslon lain Anies - Muhaimin dan Ganjar Mahfud.  CC: @PartaiSocmed  #LoginPrabowoGibran https://t.co/OjKIcNKfL0,0,2,4,11,in,1532853448462733312,1739638029583872256,ejaferdiansyah,https://twitter.com/ejaferdiansyah/status/1739638029583872256,https://pbs.twimg.com/media/GCRvjv8bwAA5hwz.jpg,
2023-12-26 20:31:55+07:00,1739640183992254700,Wali Santri dan Alumni Ponpes Salafiyah Syafi'iyah  Sukorejo  Situbondo  mendeklarasikan dukungan untuk Anies Baswedan-Muhaimin Iskandar atau Cak Imin. https://t.co/EH0m0AgKMp,6,46,715,2061,in,1490116879,1739640183992254700,cakimiNOW,https://twitter.com/cakimiNOW/status/1739640183992254700,,Indonesia
2023-12-26 20:38:46+07:00,1739641905976328219,Gus Yahya candai Muhaimin Iskandar tidak menang pada Pilpres 2024 https://t.co/6cjSMNbINc,0,0,0,1,in,22126902,1739641905976328219,republikaonline,https://twitter.com/republikaonline/status/1739641905976328219,,"Jakarta, Indonesia"
2023-12-26 20:45:06+07:00,1739643502970196023,https://t.co/m8BgOXqO94,0,1,0,0,zxx,1704859524958670848,1739643502970196023,r57927,https://twitter.com/r57927/status/1739643502970196023,,"Ulujami, Indonesia"
2023-12-26 20:50:44+07:00,1739644917767696387,Dukung AMIN anis muhaimin #hotlineparis https://t.co/vedhtV7nyU,0,0,0,0,tl,1651870273845727232,1739644917767696387,NajlaAuliy76937,https://twitter.com/NajlaAuliy76937/status/1739644917767696387,https://pbs.twimg.com/media/GCR1unXaAAAi6oY.jpg,
2023-12-26 21:22:05+07:00,1739652807484211544,"Kentongan 57 adalah gerakan rakyat untuk perubahan.  57% adalah target kemenangan Anies Muhaimin AMIN  Bismillah  gerakan 57 kentongan pertama kali diresmikan di Kalimantan Timur.""  #KPUCurangGibranLicik  #KPUCurangGibranLicik https://t.co/xIhVCvU7TF""",0,101,16,34,in,1373967328979787779,1739652807484211544,bianca01403,https://twitter.com/bianca01403/status/1739652807484211544,https://pbs.twimg.com/ext_tw_video_thumb/1739652745731436544/pu/img/9IusGn19tzfNL5Lc.jpg,
2023-12-26 21:25:05+07:00,1739653565227077918,Syaugi mengatakan bahwa relawan merupakan ujung tombak bagi pasangan  Anies-Muhaimin   https://t.co/uVLrFrHUep,0,0,0,2,in,68930552,1739653565227077918,mediaindonesia,https://twitter.com/mediaindonesia/status/1739653565227077918,,Jakarta - Indonesia
2023-12-26 21:26:56+07:00,1739654029939208652,@KompasTV Bukankah masalalu itu buat pedoman masadepan? Kenapa harus dilupakan?   Bismillah... AMIN..Anies-Muhaimin presiden RI 2024 - 2029. Aamiin... #presidenRI,0,0,1,9,in,1451573640135208960,1739597317618204942,ado_ono,https://twitter.com/ado_ono/status/1739654029939208652,,
2023-12-26 21:54:47+07:00,1739661036960252165,Tagas dukungan ulama dan kyai Jawa Barat utk Paslon no 01   Anies Baswedan dan Muhaimin Iskandar https://t.co/J0gmgNTSBS,2,2,35,81,in,1369949963690549248,1739661036960252165,never_alonely,https://twitter.com/never_alonely/status/1739661036960252165,https://pbs.twimg.com/ext_tw_video_thumb/1739660788649136128/pu/img/8miPIBlBdvdFHUDp.jpg,
2023-12-26 22:07:05+07:00,1739664132436361437,@Fahrihamzah Bismillah... AMIN..Anies-Muhaimin presiden RI 2024 - 2029. Aamiin... #presidenRI,0,0,0,0,in,1451573640135208960,1739650320379367768,ado_ono,https://twitter.com/ado_ono/status/1739664132436361437,,
2023-12-26 22:35:26+07:00,1739671268750999710,Bukan setakat orang hidup  dengan orang mati pun puak zionis ni zalim..,0,0,351,208,in,2179498534,1739671268750999710,_muhaimin26,https://twitter.com/_muhaimin26/status/1739671268750999710,,"Kuala Lumpur, Wilayah Persekut"
2023-12-26 22:37:21+07:00,1739671751985123707,Ya Muhaimin,0,0,0,0,hi,1623328263929237505,1739671751985123707,MamahHafizh83,https://twitter.com/MamahHafizh83/status/1739671751985123707,,"Surakarta, Jawa Tengah"
2023-12-26 22:43:02+07:00,1739673181315879225,Ulama Madura all out dukung paslon no 01 Anies - Muhaimin https://t.co/f7I9kOMwRO,2,5,130,229,tl,1369949963690549248,1739673181315879225,never_alonely,https://twitter.com/never_alonely/status/1739673181315879225,https://pbs.twimg.com/ext_tw_video_thumb/1739673104270622720/pu/img/TioPJBvQ1UCmr3e3.jpg,
2023-12-26 22:45:37+07:00,1739673831038738546,Mayoritas publik menilai Gibran menonjol dalam debat ketimbang Mahfud dan Muhaimin https://t.co/C7q7nIJAi8,3,111,30,87,in,22126902,1739673831038738546,republikaonline,https://twitter.com/republikaonline/status/1739673831038738546,,"Jakarta, Indonesia"
2023-12-26 23:17:57+07:00,1739681969477386481,Anis  Muhaimin Pemimpin Perubahan untuk Indonesia Mandiri dan Sejahtera. https://t.co/3XVROTtKqd,0,0,0,0,in,1701169813484404736,1739681969477386481,NiksonWora84839,https://twitter.com/NiksonWora84839/status/1739681969477386481,https://pbs.twimg.com/media/GCSXhzyaQAAUdm9.jpg,
2023-12-26 23:32:27+07:00,1739685615258714591,@tvOneNews He he sewot soal dana kampanye ANIS DAN MUHAIMIN . BRAVO AMIN,0,0,0,0,in,1616592924388786176,1738858131290218948,iangalent1,https://twitter.com/iangalent1/status/1739685615258714591,,
2023-12-26 23:57:06+07:00,1739691819099910612,Kata Syeikh Abdul Aziz al-Tarifi dalam al-KhurƒÅsƒÅniyyah:   Allah memudahkan untuk kita tuturkan kalimah tauhid  kerana itu lafaz LƒÅ Ilaha IllƒÅ Allah (ŸÑÿß ÿ•ŸÑŸá ÿ•ŸÑÿß ÿßŸÑŸÑŸá) boleh dituturkan tanpa digerakkan bibir  berbanding lafaz zikir-zikir lain yang memerlukan pergerakan bibir.,0,0,43,88,in,2179498534,1739691819099910612,_muhaimin26,https://twitter.com/_muhaimin26/status/1739691819099910612,,"Kuala Lumpur, Wilayah Persekut"
