created_at,id_str,full_text,quote_count,reply_count,retweet_count,favorite_count,lang,user_id_str,conversation_id_str,username,tweet_url,image_url,location,keyword
2023-12-10 00:50:51+07:00,1733544751151112400,@ekokuntadhi1 GAMA selalu dihatiku menjadi prioritas pilihanku,0,0,0,0,in,1718580772037431296,1733435203178344882,rioaprizal01,https://twitter.com/rioaprizal01/status/1733544751151112400,,,Wapres
2023-12-10 01:40:21+07:00,1733557209282539663,@okezonenews Bersama pak GAMA Indonesia akan maju,0,0,0,0,in,1725148266679988224,1733448152999772504,trimorastyle,https://twitter.com/trimorastyle/status/1733557209282539663,,,Wapres
2023-12-10 02:26:05+07:00,1733568719962698116,@TaufikDamas Siap menangkan Gama https://t.co/vvfSJmOP60,0,0,1,6,in,1715831982519914496,1733510203323334818,NurRohim520649,https://twitter.com/NurRohim520649/status/1733568719962698116,https://pbs.twimg.com/media/GA7fj5kbYAAu31W.jpg,,Wapres
2023-12-10 04:44:01+07:00,1733603429388271837,Wani babban lauya da ke jihar Kano ya magantu kan hukuncin kotu a jihar.  Umar Sa'ad Hassan ya yi hasashen yiyuwar nasarar Abba Kabir a Kotun Koli.  Ya ce akwai tarun korafe-korafe da ba a gama da su ba da ke kalubalantar Abba Kabir. https://t.co/bj66rknWlj,0,4,14,162,in,796789951522373632,1733603429388271837,legitnghausa,https://twitter.com/legitnghausa/status/1733603429388271837,,"Abuja, Nigeria",Wapres
2023-12-10 05:12:04+07:00,1733610492093235261,Gama Mantap lagunya.. penuh motivasi.. ayo semangattt..... https://t.co/6qamUQRPav,0,0,0,0,in,1436663887982587910,1733610492093235261,mulyadimalang,https://twitter.com/mulyadimalang/status/1733610492093235261,https://pbs.twimg.com/ext_tw_video_thumb/1733609913551847424/pu/img/A-4ihs-TSpJtMzYN.jpg,,Wapres
2023-12-10 05:24:51+07:00,1733613708822413410,Top Markotop lah GAMA,0,3,2,16,in,112049860,1733613708822413410,syahirularif,https://twitter.com/syahirularif/status/1733613708822413410,,"Semarang, Indonesia",Wapres
2023-12-10 07:37:45+07:00,1733647153317417260,@kumparan Mantap ! Mari m3nangkan no 3 ! Indonesia milik GAMA !,0,0,0,0,in,1724401035211649024,1733415729385615571,Ici1330426,https://twitter.com/Ici1330426/status/1733647153317417260,,,Wapres
2023-12-10 07:38:49+07:00,1733647422344307067,@CNNIndonesia Mantap ! Mari m3nangkan no 3 ! Indonesia milik GAMA !,0,0,0,0,in,1724401035211649024,1733393859756056678,Ici1330426,https://twitter.com/Ici1330426/status/1733647422344307067,,,Wapres
2023-12-10 07:39:39+07:00,1733647629941440925,@VIVAcoid Mantap ! Mari m3nangkan no 3 ! Indonesia milik GAMA !,0,0,0,0,in,1724401035211649024,1733341495309320536,Ici1330426,https://twitter.com/Ici1330426/status/1733647629941440925,,,Wapres
2023-12-10 08:54:50+07:00,1733666550337716652,@opposite6892 Saya bukan orang terkenal dan tidak mau jadi terkenal  tapi saya pilih GAMA. Yang nyata dan pasti saja yg saya pilih. Bukan manis di bibir  tapi amis di hati.,1,27,0,10,in,1436168080086876160,1733568273076420977,CahayaRestu6,https://twitter.com/CahayaRestu6/status/1733666550337716652,,,Wapres
2023-12-10 10:15:18+07:00,1733686801351704672,@BangPino__ Bener sih untuk pasanga amin kurang balhio Pasangan pagi dibaliho cuma ada prabowo Pasangan gama sejauh ini yg balihonya banyak dan ada foto capres cawapresnya.,0,6,3,45,in,869843071,1733470152300388509,izoelsaka,https://twitter.com/izoelsaka/status/1733686801351704672,,"Jonggol, Bogor.",Wapres
2023-12-10 10:54:14+07:00,1733696598532911422,Pilpres sejatinya event 5 thnan yg kan trus dijalankan oleh Bangsa IndonesiaüáÆüá© sampai kapanpun slama tidak dirubah UUnya‚úçÔ∏è  Ayo pendukung GAMA @ganjarpranowo @mohmahfudmd semangat menang 1 Putaranü§ütanpa harus menjelek¬≤an kubu rifal  Kita semua Basodara dlm Bingkai #NKRI üáÆüá©üíùüòá,0,0,0,0,in,1549204471741546497,1733696598532911422,Dad4Kiddos,https://twitter.com/Dad4Kiddos/status/1733696598532911422,,"Jakarta Capital Region, Indone",Wapres
2023-12-10 10:59:50+07:00,1733698009517744149,@ArsjadRasjid Pak kalau sprti ini gimana Pak  sekarang udah pada culas pejabat memperkaya diri sendiri dan keluarga nya  Indonesia bakal hancur kalau sperti ini trus  masyarakat hanya bisa pasrah melihat pejabat sprti ini  untuk pemenangan GAMA harus bertindak perampasan aset dan hukuman berat https://t.co/XIQioIaqQD,0,8,0,3,in,1564508339806957568,1733480964054233113,AbdulgofurGof14,https://twitter.com/AbdulgofurGof14/status/1733698009517744149,https://pbs.twimg.com/ext_tw_video_thumb/1733697949035888640/pu/img/-69_QWS3G4LtxQNg.jpg,"Tanjung Priok, Indonesia",Wapres
2023-12-10 11:54:12+07:00,1733711690938958098,SUSU TERBAIK UNTUK ANTISIPASI NYERI LUTUT. ..   GAMA Milk üòÇüòÇüòÇüòÇ https://t.co/yVEldWdsMP,0,1,8,21,in,1322361095407902721,1733711690938958098,SETYAKI22965702,https://twitter.com/SETYAKI22965702/status/1733711690938958098,https://pbs.twimg.com/ext_tw_video_thumb/1733711664623824897/pu/img/ZRtqXuTZL17lX37u.jpg,SOLO -  INDONESIA,Wapres
2023-12-10 11:58:40+07:00,1733712813196189785,GaMa peduli nasib pekerja migran yeahhhh https://t.co/6khXyPQesC,0,0,0,0,in,2417003952,1733712813196189785,Gshyrellefiel,https://twitter.com/Gshyrellefiel/status/1733712813196189785,https://pbs.twimg.com/media/GA9ilP8bUAAsOov.jpg,,Wapres
2023-12-10 12:24:59+07:00,1733719436576919801,Satu hal yg menyenangkan berinteraksi dng GAMA is itu..ya anda gaes- bestie= cerdas pinter patriotik moderat dan gak waton gak waton argumen-klo berargumen slalu pakai waton.[waton= aturan/ tatanan/ tdk asal]..nice to meet U people.  Smaradhana / Chrisye https://t.co/IfjoRaB3ql https://t.co/faWuZcstDz,0,1,0,13,in,1641589502144831488,1733719436576919801,putrimaospahit,https://twitter.com/putrimaospahit/status/1733719436576919801,https://pbs.twimg.com/media/GA9oo-QbEAAbgqG.jpg,Antarctica,Wapres
2023-12-10 12:49:15+07:00,1733725546381758827,Ganjar Pranowo capres nomor urut 3 akan menyediakan internet gratis dan super cepat untuk para pelajar  sedangkan prabowo subianto menyediakan program makan gratis. Kira-kira kalian mau pilih yang mana ? https://t.co/bwuUBEnEE6,1,6,43,150,in,2695463725,1733725546381758827,triwul82,https://twitter.com/triwul82/status/1733725546381758827,https://pbs.twimg.com/ext_tw_video_thumb/1733725299949654016/pu/img/XTl5h6_G77DVm9ZZ.jpg,lokalisasi kelas teri,Pres
2023-12-10 12:49:19+07:00,1733725563205173257,Ganjar Pranowo dan Mahfud MD  pasangan yang bisa membuat politik terasa lebih ringan. Dukungan saya penuh untuk mereka  semoga mampu membawa kebahagiaan bagi warga Jateng dan Indonesia. @erlanvernando https://t.co/lbVztM0dSF,0,0,0,1,in,1681874411488681984,1733725563205173257,BilqisSalsbilaa,https://twitter.com/BilqisSalsbilaa/status/1733725563205173257,,Cilegon,Pres
2023-12-10 12:49:43+07:00,1733725660756226324,Hasil Survei gak bakal bikin semangat pendukung Ganjar Mahfud  kendor. Malah jadi suplemen biar makin kenceng sosialisasi pasangan Capres No.3 #GanjarMahfud2024,0,0,0,0,in,1076164976350420993,1733725660756226324,UCIKINI,https://twitter.com/UCIKINI/status/1733725660756226324,,,Pres
2023-12-10 12:50:00+07:00,1733725731841052950,Sekjen PDIP Kenalkan Program 'KTP Sakti' Ganjar-Mahfud untuk Warga Miskin #GanjarMahfud #GanjarPranowo #GerakCepat #MahfudMD #IndonesiaUnggul #IndonesiaLebihBaik  https://t.co/va2Gi4GXxs,0,0,6,24,in,39074801,1733725731841052950,TPNGanjarMahfud,https://twitter.com/TPNGanjarMahfud/status/1733725731841052950,,Jakarta Capital Region,Pres
2023-12-10 12:50:54+07:00,1733725958786764873,Ketum Partai Perindo Hary Tanoesoedibjo membakar semangat dan membangun militansi Relawan Milenial Ganjar-Mahfud di Kota Pontianak  Kalimantan Barat.   #PartaiPerindo #HaryTanoesoedibjo #GanjarPranowo #MahfudMD https://t.co/rhFnYKi2tP,0,0,1,8,in,1187620147,1733725958786764873,PartaiPerindo,https://twitter.com/PartaiPerindo/status/1733725958786764873,https://pbs.twimg.com/ext_tw_video_thumb/1733725828813668352/pu/img/pgzUuBIjhuqM0Z1w.jpg,"Jakarta, Indonesia",Pres
2023-12-10 12:51:02+07:00,1733725993775292495,Pertunjukan Ganjar Pranowo dengan srimulat membuktikan bahwa beliau adalah sosok yang dapat membuat politik lebih dekat dengan rakyat. @fani_wow  https://t.co/CeqMD0357E,0,0,0,0,in,1678409012591702019,1733725993775292495,saputri_ca93500,https://twitter.com/saputri_ca93500/status/1733725993775292495,,Mojokerto,Pres
2023-12-10 12:51:06+07:00,1733726007948189935,Kebersamaan Ganjar Pranowo dengan srimulat adalah gambaran nyata bahwa seorang pemimpin sejati harus bisa bersenang-senang dan menghibur rakyatnya. @annzafff  https://t.co/9w2k0khxNj,0,0,0,0,in,1682212721104949249,1733726007948189935,AldiYulian79,https://twitter.com/AldiYulian79/status/1733726007948189935,,Samarinda,Pres
2023-12-10 12:51:50+07:00,1733726193386689014,Soliditas dan komitmen mendalam rakyat DKI Jakarta terhadap Ganjar - Mahfud menunjukkan tekad untuk mewujudkan perubahan positif di Indonesia @starfckz  Gaspol Satset https://t.co/S4J6cz2M2B,0,0,0,0,in,1690334184529866753,1733726193386689014,riattalitaa,https://twitter.com/riattalitaa/status/1733726193386689014,,Sorong,Pres
2023-12-10 12:52:16+07:00,1733726302153351504,Pak Ganjar Pranowo mengisi akhir pekan di hari Minggu dengan berolahraga mengitari kawasan hari bebas dari kendaraan bermotor (CFD) di Sudirman-Thamrin  Jakarta.  Minggu  10/12/23.  Cc. @ganjarpranowo  @ganjarpranowo https://t.co/NNJpcmGSNj,0,2,34,83,in,1174287141909590017,1733726302153351504,seruanhl,https://twitter.com/seruanhl/status/1733726302153351504,https://pbs.twimg.com/ext_tw_video_thumb/1733726188919808000/pu/img/4oFf2TlCBjqmAWEl.jpg,Indonesia,Pres
2023-12-10 12:52:45+07:00,1733726425667239947,Teater komedi Ganjar Pranowo membuktikan bahwa pemimpin tidak harus kehilangan keaslian diri dalam menjalankan tugasnya. @FakhriWs  https://t.co/nuIB3pTQII,0,0,0,0,in,1679336218109308929,1733726425667239947,yudi_wijayaa,https://twitter.com/yudi_wijayaa/status/1733726425667239947,,Semarang,Pres
2023-12-10 12:53:26+07:00,1733726596769710453,@_CocoteTonggo_ Orang RI makan sepiring nasi udah kenyang..mereka butuh 4 piring nasi baru kenyang..mana protes mulu kalau ga enak..coba bayangin rakyat aceh terbebani,0,3,1,4,in,500375719,1733698586897199132,P_ysf,https://twitter.com/P_ysf/status/1733726596769710453,,Indonesia,Wapres
2023-12-10 12:53:36+07:00,1733726638498857399,JGN PILIH PENGKHIANAT &amp; PENIPU MAU PRESIDEN WONG YAMAN?  MENTRI DIPECAT GUBERNUR GAGAL ANTEK ASENG ORBA OLIGARKI RADIKAL,1,0,4,7,in,1637841258231271424,1733726638498857399,Ganjar_Mahfud03,https://twitter.com/Ganjar_Mahfud03/status/1733726638498857399,,Indonesia,Pres
2023-12-10 12:53:41+07:00,1733726659747143794,@CNNIndonesia Anak anis dan ganjar?? https://t.co/r8fCZrr82f,476,138,506,4228,in,1365668739094515712,1733645243357282607,rzd_ky,https://twitter.com/rzd_ky/status/1733726659747143794,https://pbs.twimg.com/media/GA9vNHTbwAAIjuz.jpg,"Denpasar, Bali",Pres
2023-12-10 12:53:57+07:00,1733726726973497702,Ganjar-Mahfud tak hanya pandai berbicara  tapi juga pandai mendengarkan dan bertindak. Mereka adalah pemimpin yang mengerti kebutuhan Jawa Timur. @mulyanisri01  https://t.co/qqHLhUJHmO,0,0,0,0,in,1683837615584477184,1733726726973497702,sarahlatipaaa,https://twitter.com/sarahlatipaaa/status/1733726726973497702,,Tebing Tinggi,Pres
2023-12-10 12:54:48+07:00,1733726941293719665,iKon Allah kina ta hadamin  Abinci Ammah Banga Kunu ba ko Baki iya ba ne üòÑai yah  Yi Hakuri my son ai kasan kunun ne ban gama iyawa ba https://t.co/aRLJVqtLQK,0,1,0,4,in,1612038518208880647,1733726941293719665,Saluhubota,https://twitter.com/Saluhubota/status/1733726941293719665,https://pbs.twimg.com/media/GA9vdx5XAAAauVe.jpg,,Wapres
2023-12-10 12:54:48+07:00,1733726939607945660,Ganjar - Mahfud  sebagai pasangan yang lebih berkualitas  akan membawa Indonesia ke arah maju dengan kebijakan yang terencana dan berdaya. @ipul_gp  https://t.co/bqKuvpRIKs,0,0,0,0,in,1682939856148918273,1733726939607945660,__angginasaf,https://twitter.com/__angginasaf/status/1733726939607945660,,METRO,Pres
2023-12-10 12:55:10+07:00,1733727034931867679,Teater komedi Ganjar Pranowo mengingatkan kita bahwa kebahagiaan adalah bagian penting dari kepemimpinan. Beliau adalah pilihan yang cerdas dan menghibur. @fiki_ismail  https://t.co/Qfj0Ske1c1,0,0,0,0,in,1679336182222843907,1733727034931867679,NaniSurati,https://twitter.com/NaniSurati/status/1733727034931867679,,Salatiga,Pres
2023-12-10 12:55:36+07:00,1733727141387522195,@_Rizmaya__ @panjianom102 jokowi harus terima kasih ke Ganjar  udah bagus diselamatkan Ganjar  apa mau seperti Jokowi yg memangkrakkan Hambalang sehingga nama SBY hancur?,0,0,1,2,in,2283189500,1733717484958831088,nasaktion2,https://twitter.com/nasaktion2/status/1733727141387522195,,,Pres
2023-12-10 12:55:45+07:00,1733727179866058953,BOWO ANIS YAMAN WIN INDONDSIA KEMBALI JAMAN ORBA SEKARANG SJ UDH RASA ORBA CURANG GA NETRAL &amp; INTIMIDASI DIKIT 2 DIPANGGIL POLISI,0,0,2,4,in,1637841258231271424,1733727179866058953,Ganjar_Mahfud03,https://twitter.com/Ganjar_Mahfud03/status/1733727179866058953,,Indonesia,Pres
2023-12-10 12:56:30+07:00,1733727367359840694,Ganjar - Mahfud adalah harapan untuk Indonesia yang lebih adil  sejahtera  dan berkeadilan bagi semua @ssanctuary___  Gaspol Satset https://t.co/AsGUvfew1p,0,0,0,0,in,1689507878246510592,1733727367359840694,revaldiput34,https://twitter.com/revaldiput34/status/1733727367359840694,,Bengkulu,Pres
2023-12-10 12:56:42+07:00,1733727420765896790,Pasangan nomor urut 3 Ganjar-Mahfud adalah duet terbaik yg bersih dan antikorupsi. Komitmen mereka dalam memberantas korupsi tak perlu diragukan lagi.  #SahabatGanjar #GanjarPranowo #Ganjar #GenerasiGotongRoyong #GanjarPresiden #TuankuRakyat #GanjarMahfud2024 #GanjarUntukSemua https://t.co/E9GnTG9OzO,0,3,29,53,in,76428045,1733727420765896790,tnmuda,https://twitter.com/tnmuda/status/1733727420765896790,https://pbs.twimg.com/ext_tw_video_thumb/1733727355875831808/pu/img/_ar2-vDR_-YaCxY7.jpg,,Pres
2023-12-10 12:57:46+07:00,1733727687221674272,Melihat Ganjar Pranowo di srimulat membuat saya yakin bahwa beliau adalah pemimpin yang dapat menghadirkan keceriaan dan kehangatan dalam kepemimpinannya. @kokkicilik  https://t.co/b7aRm1Twt5,0,0,0,0,in,1689503349010554880,1733727687221674272,alexbahri320849,https://twitter.com/alexbahri320849/status/1733727687221674272,,Solok,Pres
2023-12-10 12:58:14+07:00,1733727805345837356,Warga Jateng bangga memiliki pemimpin seperti Ganjar Pranowo yang punya sisi humor. Kocaknya Ganjar bikin hati rakyat senang! @4amilliondreams  https://t.co/55QT9PZKSN,0,0,0,0,in,1691000234011471872,1733727805345837356,divobyamar,https://twitter.com/divobyamar/status/1733727805345837356,,Magelang,Pres
2023-12-10 12:58:15+07:00,1733727808369877241,Suksesnya Ganjar Pranowo dalam teater komedi membuktikan bahwa dia adalah pemimpin yang mampu membawa suasana positif di setiap kesempatan. @fajrularull  https://t.co/DIueRIGvzK,0,0,0,0,in,1680777833285812224,1733727808369877241,SaniRacmani,https://twitter.com/SaniRacmani/status/1733727808369877241,,Banjar,Pres
2023-12-10 12:58:20+07:00,1733727831006572562,Bisa Dibaca Gini Nggak Min? Saat Anies Dipasangkan AHY Bisa Menyalip Elektabilitas  Prabowo Dipasangkan Cak Imin  Setelah Dipasangkan Gibran Elektabilitas Prabowo Justru  Menyalip Ganjar Yang Baru Saja Dipasangkan Dengan Mahfud MD Anies Tren Menurun Setelah  Dipasangkan Cak Imin?,0,5,4,11,in,119608068,1733727831006572562,AchmadAnnama,https://twitter.com/AchmadAnnama/status/1733727831006572562,,"DKI Jakarta, Indonesia",Pres
2023-12-10 12:58:29+07:00,1733727866276470842,Ganjar Pranowo dan Mahfud MD benar-benar menunjukkan kepiawaian mereka dalam bercanda dengan para Srimulat  sukses membuat suasana renyah dan ceria! @FMarteen  https://t.co/L6e5uJ8WLJ,0,0,0,0,in,1683771736037400576,1733727866276470842,yolanmandaaaaa,https://twitter.com/yolanmandaaaaa/status/1733727866276470842,,Dumai,Pres
2023-12-10 12:59:20+07:00,1733728081125507416,Ketegasan Mahfud MD terhadap pelaku korupsi tak perlu diragukan lagi  dihadapan kaum muda Bandung dia mengeluarkan pernyataan jika berkuasa maka koruptor akan disikatnya habis  Ganjar-Mahfud adalah peluru tak terkendali pemberantas korupsi #SahabatGanjar   https://t.co/l3hdoTgQw3,0,3,44,90,in,1547134387694993409,1733728081125507416,ex_AnakLolina,https://twitter.com/ex_AnakLolina/status/1733728081125507416,https://pbs.twimg.com/ext_tw_video_thumb/1733679696012079104/pu/img/KjcgfCq9frsSOnt0.jpg,Jamaica,Pres
2023-12-10 12:59:37+07:00,1733728153938665732,Ganjar Pranowo  calon Presiden nomor urut 3  menegaskan keseriusannya dalam menangani kasus korupsi di Indonesia. Dia berharap agar pejabat yang terlibat dalam korupsi dapat ditahan di Nusakambangan.  #SahabatGanjar #GanjarPranowo #Ganjar #GenerasiGotongRoyong #GanjarPresiden‚Ä¶ https://t.co/FYVUWcmyY0,0,1,1,1,in,1230994530083565568,1733728153938665732,sahabatganjar,https://twitter.com/sahabatganjar/status/1733728153938665732,https://pbs.twimg.com/media/GA9wj9ea8AAN49E.jpg,,Pres
2023-12-10 12:59:41+07:00,1733728169407168729,Ganjar Pranowo dan Mahfud MD adalah pilihan yang cerdas dan menjanjikan. Dukungan saya penuh untuk mereka  karena mereka membawa keceriaan dan kemajuan. @Firdaus_mtqien  https://t.co/w9Uorzpzmm,0,0,0,0,in,1679350694816657408,1733728169407168729,AdiiSetyono,https://twitter.com/AdiiSetyono/status/1733728169407168729,,Tegal,Pres
2023-12-10 12:59:50+07:00,1733728208632340550,Sekjen PDIP Kenalkan Program 'KTP Sakti' Ganjar-Mahfud untuk Warga Miskin   KTP Sakti adalah singkatan dari Satu Kartu Terpadu Indonesia. Rakyat miskin penerima manfaat nanti katanya tidak peru repot-repot dengan berbagai kartu. #GerakCepat https://t.co/mSqjCLl4Bb,0,0,1,1,in,713814955,1733728208632340550,giewhydi,https://twitter.com/giewhydi/status/1733728208632340550,,Jakarta,Pres
2023-12-10 12:59:51+07:00,1733728212122005642,Selain itu  mantan Gubernur Jawa Tengah tersebut juga ingin mendorong Komisi Pemberantasan Korupsi (KPK) untuk bertindak lebih tegas dalam menegakkan hukum terhadap pejabat yang terlibat dalam tindak pidana korupsi.  #SahabatGanjar #GanjarPranowo #Ganjar #GenerasiGotongRoyong‚Ä¶ https://t.co/t8gs40SML1,0,0,0,0,in,1230994530083565568,1733728153938665732,sahabatganjar,https://twitter.com/sahabatganjar/status/1733728212122005642,https://pbs.twimg.com/media/GA9wnfhaYAA3SlY.jpg,,Pres
2023-12-10 13:00:02+07:00,1733728259932860684,Masa program yang bakal bikin kesejahteraan mau disia siain  emang deh udh paling bener pilih Pak Ganjar yang pasti bakal lanjutin IKN! Jaya terus deh Pak Ganjar   #lanjutgan #ganjarsatsetikn #ganjarpranowo #ganjaramahfdu #ganjarmahfud2024 #ganjarmahfudmenang #ganjarsatsetikn https://t.co/Eowxz25qlj,0,0,0,1,in,1704762411633516544,1733728259932860684,darafathia27751,https://twitter.com/darafathia27751/status/1733728259932860684,https://pbs.twimg.com/media/GA9wpfJbkAABK5D.jpg,,Pres
2023-12-10 13:00:14+07:00,1733728310520373497,Kampanye gemoy Prabowo tak sebanding dengan dedikasi Ganjar - Mahfud dalam menjunjung tinggi konstitusi dan menghormati nilai-nilai demokrasi. @Rachmadharis1  https://t.co/AHXoieIqtr,0,0,0,0,in,1682332899599851522,1733728310520373497,CintiaaguCintia,https://twitter.com/CintiaaguCintia/status/1733728310520373497,,Palopo,Pres
2023-12-10 13:00:41+07:00,1733728419937210760,@David_Wijaya03 @AirinDatangLagi @ch_chotimah2 @catatankaqihaty @tjhinfar @Penyuka_ombak @arifin34533 @Anak__Ogi @__AnakKolong @03__nakula @Aryprasetyo85 @EviDrajat @Ganjar_Mahfud03 @ilmi_roudhotul @lubis_punk @LumowaS @ZeboLady NGAKAK SEKEBON...! üòÉüòÉüòÉ,0,0,0,1,in,878589199716204544,1733663493210116100,AgungNu20566966,https://twitter.com/AgungNu20566966/status/1733728419937210760,,,Pres
2023-12-10 13:00:47+07:00,1733728447535722973,Warga Jateng pasti merasa senang memiliki pemimpin yang tidak hanya berkualitas  tetapi juga pandai menghibur seperti Ganjar Pranowo. @fajarpngstu  https://t.co/SgCHOlr9Hq,0,0,0,0,in,1687037390790287364,1733728447535722973,ekiwahyuuu,https://twitter.com/ekiwahyuuu/status/1733728447535722973,,Jakarta Barat,Pres
2023-12-10 13:00:51+07:00,1733728461523706215,Srimulat dan Ganjar Pranowo  pertunjukan yang menghadirkan tawa dan kehangatan. Sangat mendukung jika mereka memimpin negeri ini. @Faridanfsaa  https://t.co/elNwMDAK3S,0,0,0,0,in,1680027177809739777,1733728461523706215,BobiSaputr8,https://twitter.com/BobiSaputr8/status/1733728461523706215,,Serang,Pres
2023-12-10 13:01:08+07:00,1733728536144511062,Semakin dihalangi  semakin kuat dukungan untuk Ganjar - Mahfud dari rakyat DKI Jakarta @sungsooishere  Gaspol Satset https://t.co/cyJZ7CCewy,0,0,0,0,in,1689207869911240704,1733728536144511062,setiawan0faisal,https://twitter.com/setiawan0faisal/status/1733728536144511062,,Sorong,Pres
2023-12-10 13:01:11+07:00,1733728546307342700,Prabowo yang mengaku gemoy semakin terlihat tidak berkualitas ketika dibandingkan dengan rekam jejak Ganjar - Mahfud yang konsisten dan terpercaya. @RadenAjeng_Ei  https://t.co/nDP1R62RPi,0,0,0,0,in,1682656251610816512,1733728546307342700,__aggysaid,https://twitter.com/__aggysaid/status/1733728546307342700,,BONTANG,Pres
2023-12-10 13:01:25+07:00,1733728607544225971,Ganjar - Mahfud  pilihan bijak untuk memimpin Indonesia ke masa depan yang lebih baik  berbeda dengan kampanye Prabowo yang hanya mengandalkan citra gemoy @Ajun__kyuu  https://t.co/QGFSPwGOO8,0,0,0,0,in,1685897272872374272,1733728607544225971,zehsya,https://twitter.com/zehsya/status/1733728607544225971,,Bandung,Pres
2023-12-10 13:01:48+07:00,1733728701370839214,Jika Ganjar Pranowo jadi Presiden  saya yakin beliau akan membawa suasana keceriaan ke istana. Bercanda dengan srimulat  keren dan menyenangkan! @Isocup3  https://t.co/VSQvlFQbUo,0,0,0,0,in,1689496012837298176,1733728701370839214,AripinJefr,https://twitter.com/AripinJefr/status/1733728701370839214,,Pagar Alam,Pres
2023-12-10 13:01:51+07:00,1733728714511585728,JELAS ya...ntar mut√™r‚Äù l√•gi √•libinya . Yuukk Rakyat C√™rdas M3nangkan Ganjar-Mahfud 2024ü§üü§üü§üüáÆüá©üáÆüá©üáÆüá©,0,0,0,3,in,1669326604601004032,1733728714511585728,AJalithenk96428,https://twitter.com/AJalithenk96428/status/1733728714511585728,,"Semarang, Jawa Tengah",Pres
2023-12-10 13:02:25+07:00,1733728859957412212,Pertunjukan Ganjar Pranowo dengan srimulat memperlihatkan bahwa beliau tidak hanya pandai berpolitik  tapi juga mahir dalam seni komedi. @FalNdaru  https://t.co/o8Q0lLLpK7,0,0,0,0,in,1680404219063590912,1733728859957412212,__hengkydunno,https://twitter.com/__hengkydunno/status/1733728859957412212,,BAUBAU,Pres
2023-12-10 13:03:06+07:00,1733729029004652729,"Sampai-sampai istri pak @ganjarpranowo pun ikut kampanye dan anaknya pun sering ditampilkan di TV  buat apa ??? Ya biar Ganjar laku... Para anggota komunitas angkringan kidul taman"" siang ini pada bertanya ini  seandainya jadi  bu Ganjar gayanya seperti apa ya ? Gak njowo blass""",0,2,5,16,in,714965442,1733729029004652729,ariefbudiawan7,https://twitter.com/ariefbudiawan7/status/1733729029004652729,,"Karanganyar, lereng Lawu",Pres
2023-12-10 13:03:08+07:00,1733729038223769614,Momen bersama srimulat membuktikan bahwa Ganjar Pranowo adalah pemimpin yang bisa mencairkan suasana di tengah ketegangan politik. @anthrsdof25s  https://t.co/oCJZOpTHSL,0,0,0,0,in,1680846703644278784,1733729038223769614,ririn_dwiana,https://twitter.com/ririn_dwiana/status/1733729038223769614,,Mojokerto,Pres
2023-12-10 13:03:11+07:00,1733729050764669118,Srimulat dan Ganjar Pranowo  pasangan yang mampu menyatukan perbedaan melalui seni komedi. Sukses untuk perjalanan politik keduanya! @Cakraadisur  https://t.co/AfSWrQEfQw,0,0,0,0,in,1680890258840510464,1733729050764669118,intan_sariw,https://twitter.com/intan_sariw/status/1733729050764669118,,Serang,Pres
2023-12-10 13:03:42+07:00,1733729182415564873,@Dennysiregar7 Entar dipecat dari tim buzzer Gama lo...ü§≠ü§£. https://t.co/GjWAqDFuPY,0,0,0,0,in,1552367853109530624,1733540853321462168,A4H74976106,https://twitter.com/A4H74976106/status/1733729182415564873,https://pbs.twimg.com/ext_tw_video_thumb/1733729155324518400/pu/img/aJPBQlBXdk2eZrUd.jpg,"California, USA",Wapres
2023-12-10 13:06:11+07:00,1733729807484301649,@Dennysiregar7 Karena buzzer2 Gama &amp; ketum hina2 Jokowi &amp; keluarganya  Oon..!! https://t.co/Pm3o43IyhS,0,0,1,0,in,1552367853109530624,1733718802599141729,A4H74976106,https://twitter.com/A4H74976106/status/1733729807484301649,https://pbs.twimg.com/ext_tw_video_thumb/1733729774928023552/pu/img/DTBh1RVPJc-GprnQ.jpg,"California, USA",Wapres
2023-12-10 13:21:58+07:00,1733733776252190890,Menangkan GAMA https://t.co/4sLRS0vMFA,0,0,0,0,in,1701579502420418560,1733733776252190890,kantonglemak,https://twitter.com/kantonglemak/status/1733733776252190890,https://pbs.twimg.com/media/GA91rj6bcAA0taN.jpg,"South East Sulawesi, Indonesia",Wapres
2023-12-10 13:23:04+07:00,1733734055446028402,Tegas dukung GAMA https://t.co/4tk19ZLFTJ,0,0,0,0,in,1701579502420418560,1733734055446028402,kantonglemak,https://twitter.com/kantonglemak/status/1733734055446028402,https://pbs.twimg.com/media/GA91702aYAA4cSl.jpg,"South East Sulawesi, Indonesia",Wapres
2023-12-10 13:25:25+07:00,1733734647128002612,Rapat Akbar Laju Indonesia  @mohmahfudmd Sebut Bakal Gaspol Bareng Ganjar Berantas Korupsi  Calon wakil presiden (cawapres) nomor urut 3 Mahfud Md menghadiri Rapat Akbar Laju Indonesia #GAMA2024 bersama Rieke Diah Pitaloka di Mustikasari Convention Hall  Mustikajaya Bekasi Timur ‚Ä¶ https://t.co/bTihyuCGtn,2,12,96,305,in,435004096,1733734647128002612,Aryprasetyo85,https://twitter.com/Aryprasetyo85/status/1733734647128002612,https://pbs.twimg.com/ext_tw_video_thumb/1733731813842137088/pu/img/cnWy-Cc5UsfyhsFa.jpg,"Central Java, Indonesia",Pres
2023-12-10 13:28:07+07:00,1733735326391394525,Closed agency local lokal ngab yang mau nerima anak kembar,2,5,0,0,in,1539187907575296001,1733735326391394525,gamatamma,https://twitter.com/gamatamma/status/1733735326391394525,,,Wapres
2023-12-10 13:41:35+07:00,1733738716550885716,Gama 3 https://t.co/qwFwHN4Wnf,0,0,0,0,in,1410959399661686784,1733738716550885716,RioMangu,https://twitter.com/RioMangu/status/1733738716550885716,https://pbs.twimg.com/media/GA96JhyaEAASkHp.jpg,,Wapres
2023-12-10 13:57:34+07:00,1733742735990092027,LSI Simulasi 3 Nama - Amin 22 3% naik tipis - Pagi 45 6% naik tajam - Gama 23 8% turun  Ya kembali  yang unggul jangan lengah dan jumawa Yang turun jangan nyalahin siapa-siapa  cek diri sendiri. https://t.co/8oQWxWGJDq,2,11,14,41,in,119691957,1733742735990092027,aewin86,https://twitter.com/aewin86/status/1733742735990092027,https://pbs.twimg.com/media/GA9908nboAAzwwP.jpg,Jakarta Capital Region,Wapres
2023-12-10 14:02:03+07:00,1733743864996131098,@aniesbaswedan GAMA tetap dihati salam 3 jariü§üü§üü§üü§üü§üü§ü #SiPalingGanjar,0,0,0,0,in,1721888220227809281,1733336897089577454,BryanG85804,https://twitter.com/BryanG85804/status/1733743864996131098,,bandung ,Wapres
2023-12-10 14:40:32+07:00,1733753549849575887,Gasspolllllllll GaMa HK https://t.co/ahTpK18gs7,0,0,0,1,in,1087218849143902210,1733753549849575887,dwijaprata,https://twitter.com/dwijaprata/status/1733753549849575887,https://pbs.twimg.com/ext_tw_video_thumb/1733753109850251264/pu/img/iw9LKAJVGAYV05Ft.jpg,,Wapres
2023-12-10 15:53:59+07:00,1733772032637379018,stoberi (ganjar version),991,1154,4486,28130,in,1191374387594706944,1733772032637379018,v3gana,https://twitter.com/v3gana/status/1733772032637379018,,he/they,Pres
2023-12-10 15:58:27+07:00,1733773159902630063,boleh gak sih roll depan sekarang  habis liat ini bawaanya salting mulu üò≠üè≥Ô∏è https://t.co/V9FxT9007o,1,1,107,555,in,1691375991678230529,1733773159902630063,nakutinn,https://twitter.com/nakutinn/status/1733773159902630063,https://pbs.twimg.com/ext_tw_video_thumb/1733773042957033472/pu/img/2p0UMMOEjBZCimXJ.jpg,RPS MARKHYUCK ,Wapres
2023-12-10 16:03:24+07:00,1733774404692193308,Pasti lah E_KTP jg akan pak Mahfud libas..,0,1,1,1,in,1703670621622710272,1733774404692193308,Hiugundul,https://twitter.com/Hiugundul/status/1733774404692193308,,mengwitani Badung Bali,Akronim
2023-12-10 16:04:34+07:00,1733774699279302806,Mahfud MD menyebut  tidak ada persiapan khusus untuk menghadapi debat dengan paslon lain. https://t.co/7IurSmjsRt,1,1,3,13,in,23343960,1733774699279302806,kompascom,https://twitter.com/kompascom/status/1733774699279302806,,Jakarta,Akronim
2023-12-10 16:05:44+07:00,1733774991286788297,Ganjar Pranowo akan mendorong keberlanjutan pembangunan IKN  #10YearsWithJaehyun #CherryMagicTHep1 #viralvideo Adiba Army WE WILL WAIT FOR YOU TAEHYUNG Ohtani Zara Philippines WE WILL WAIT FOR YOU RM Minho Harvard Minggu Pendek BEM UGM MY EXO Sering https://t.co/SrYTof25Od,0,0,1,3,in,1687671544963846144,1733774991286788297,BantenYaGanjar,https://twitter.com/BantenYaGanjar/status/1733774991286788297,https://pbs.twimg.com/media/GA-bJm5aMAE1I3z.jpg,Banten,Pres
2023-12-10 16:08:00+07:00,1733775560088944769,Ganjar - Mahfud capres dan cawapres yang memberikan harapan baru bagi Indonesia @stargazecl  Gaspol Satset https://t.co/cyJZ7CCewy,0,0,0,0,in,1689207869911240704,1733775560088944769,setiawan0faisal,https://twitter.com/setiawan0faisal/status/1733775560088944769,,Sorong,Pres
2023-12-10 16:10:02+07:00,1733776073471783225,Teriakan ‚ÄòJangan Gentar Karena Ada Ganjar  Jangan Takut Karena Ada Mahfud‚Äô Bergema di Lebak Banten https://t.co/2rZTtNl3Ty,0,1,0,0,in,584835300,1733776073471783225,GesuriID,https://twitter.com/GesuriID/status/1733776073471783225,,"Jakarta, Indonesia",Akronim
2023-12-10 16:10:43+07:00,1733776246792970457,Mbak Yenny Wahid bagikan kaos dukungan Ganjar-Mahfud kepada masyarakat Yogyakarta dan ikut nimbrung barisan pengamen di Malioboro.  Ketika ditanya tentang jadwal safari Ganjar dan Presiden Jokowi yang sama  Yenny menyampaikan tanggapan singkat nan positifnya bahwa hanya Ganjar‚Ä¶ https://t.co/HpjrX8jLa8,2,3,40,120,in,2650421658,1733776246792970457,NgkongRoses,https://twitter.com/NgkongRoses/status/1733776246792970457,https://pbs.twimg.com/ext_tw_video_thumb/1733776138286338048/pu/img/hc5DeW38L4a0bwy1.jpg,Di Hatimu! ,Pres
2023-12-10 16:12:53+07:00,1733776789791817829,@seeksixsuck @deddysitorus ini anggota TPN Ganjar-Mahfud. Jabatanya DPR RI. Jabatanya tinggi  Tapi narasinya narasi kolong jembatan.  Orang¬≤ begini mh yg bikin Ganjar &amp; PDIP Turun Drastis.,0,0,1,18,in,1603237585434075137,1733759148834357681,Bangzuber,https://twitter.com/Bangzuber/status/1733776789791817829,,,Akronim
2023-12-10 16:13:34+07:00,1733776963372974090,Mahfud MD Pakai Helm hingga Main Layang-layang di KBB https://t.co/r8yonNovWa,0,0,1,1,in,1318853792893300737,1733776963372974090,IDNTimesJabar,https://twitter.com/IDNTimesJabar/status/1733776963372974090,,"Jawa Barat, Indonesia",Akronim
2023-12-10 16:14:14+07:00,1733777131577200678,Yenny Wahid bagikan kaos dukungan Ganjar-Mahfud kpd masyarakat Yogyakarta dl&amp; ikut nimbrung barisan pengamen di Malioboro. Ditanya tntang jadwal safari Ganjar &amp; Presiden Jokowi yang sama  Yenny menyampaikan tanggapan singkat nan positifnya bahwa hanya Ganjar lah penerus Jokowi. https://t.co/KvuFMyEOHo,0,0,4,8,in,1408658286253985798,1733777131577200678,PagiPerindu,https://twitter.com/PagiPerindu/status/1733777131577200678,https://pbs.twimg.com/ext_tw_video_thumb/1733776754999959552/pu/img/56t9WYfnG7RlgXte.jpg,,Pres
2023-12-10 16:14:52+07:00,1733777289211789574,Istimewaaa.... Sahabat Ganjar dampingi Dewan Penasihat TPN Ganjar-Mahfud  Yenny Wahid melakukan Jalan Sehat di kawasan Yogyakarta pada Minggu (10/12). Tetap semangat menyapa warga Yogyakarta walaupun cuaca mendung...ü§üü§üüí™üí™  #SahabatGanjar #GanjarMahfud2024 https://t.co/LF3sqhJTMt,0,1,54,129,in,2939656405,1733777289211789574,panjianom102,https://twitter.com/panjianom102/status/1733777289211789574,https://pbs.twimg.com/ext_tw_video_thumb/1733776585474576384/pu/img/FTO4ZDg8rWnR2df6.jpg,Ngayogjokarto...,Akronim
2023-12-10 16:15:01+07:00,1733777328793379131,Lanjutkan Komitmen Bela Wong Cilik dan Fakir Miskin  Ganjar-Mahfud Bawa Program KTP Sakti https://t.co/dIaUxZTZHJ,0,0,0,0,in,584835300,1733777328793379131,GesuriID,https://twitter.com/GesuriID/status/1733777328793379131,,"Jakarta, Indonesia",Akronim
2023-12-10 16:15:10+07:00,1733777363866194281,Ganjar Mahfud bukan hanya pasangan capres-cawapres  tetapi pahlawan bagi ibu-ibu Indonesia yang berharap pada masa depan tanpa stunting. @cuwpied  SatSet Bareng GAMA https://t.co/ZjLyupanF3,0,0,0,0,in,1687025282908401665,1733777363866194281,effendiariii,https://twitter.com/effendiariii/status/1733777363866194281,https://pbs.twimg.com/media/GA-dUbLbIAAOYx2.jpg,Pangkalpinang,Akronim
2023-12-10 16:16:17+07:00,1733777644796469504,Gaspol Ganjar-Mahfud   Yenny Wahid bagikan kaos dukungan Ganjar-Mahfud kepada masyarakat Yogyakarta dan ikut nimbrung barisan pengamen di Malioboro. Ditanya tentang jadwal safari Ganjar dan Presiden Jokowi yang sama  Yenny menyampaikan tanggapan singkat nan positifnya bahwa hanya‚Ä¶ https://t.co/AcdlTd8w6i,1,2,44,125,in,940486643546386432,1733777644796469504,__RismaWidiono_,https://twitter.com/__RismaWidiono_/status/1733777644796469504,https://pbs.twimg.com/ext_tw_video_thumb/1733777487178739712/pu/img/QNYjMZXds2GctWfA.jpg,"DKI Jakarta, Indonesia",Pres
2023-12-10 16:17:54+07:00,1733778053174788589,Dewan Penasihat TPN Ganjar-Mahfud  Yenny Wahid melakukan Jalan Sehat di kawasan Tugu Yogyakarta pada Minggu (10/12).  Sahabat Ganjar hadir untuk mengawal kehadiran Putri dari Presiden Indonesia ke-3 tersebut.  Ribuan masyarakat ikut serta pada kegiatan tersebut karena begitu‚Ä¶ https://t.co/BVYsKPhg5j,1,0,9,37,in,1316243860280889345,1733778053174788589,elsaday__,https://twitter.com/elsaday__/status/1733778053174788589,https://pbs.twimg.com/ext_tw_video_thumb/1733778020589268992/pu/img/ofZkmduJwnxjxUrE.jpg,üáÆüá©,Pres
2023-12-10 16:18:10+07:00,1733778119113445520,Rakyat Jawa Timur yang cerdas pasti melihat bahwa Ganjar - Mahfud adalah kunci menuju masa depan Indonesia yang lebih cerah. @warstek_com  https://t.co/Wpc4mjMBIZ,0,0,0,0,in,1689503349010554880,1733778119113445520,alexbahri320849,https://twitter.com/alexbahri320849/status/1733778119113445520,,Solok,Pres
2023-12-10 16:19:11+07:00,1733778376761188839,Rakyat DKI Jakarta menolak hegemoni politik dan memilih Ganjar - Mahfud sebagai alternatif baru. @rutopargoy  Gaspol Satset https://t.co/KG2cdm1Ipg,0,0,0,0,in,1682332899599851522,1733778376761188839,CintiaaguCintia,https://twitter.com/CintiaaguCintia/status/1733778376761188839,,Palopo,Akronim
2023-12-10 16:19:54+07:00,1733778556659114474,Partai Demokrasi Indonesia Perjuangan (PDIP) menyatakan bahwa pasangan nomor urut 3  Ganjar Pranowo-Mahfud MD akan melanjutkan kerja kerakyatan Pemerintahan Joko Widodo dengan program KTP Satu Kartu Terpadu Indonesia (Sakti).  Menurut Sekretaris Jenderal PDI Perjuangan (PDIP)‚Ä¶ https://t.co/OyWUSZE7rA,0,3,0,1,in,55507370,1733778556659114474,tvOneNews,https://twitter.com/tvOneNews/status/1733778556659114474,https://pbs.twimg.com/media/GA-eZ_-aQAADVE4.jpg,"Pulo Gadung, Indonesia",Pres
2023-12-10 16:19:55+07:00,1733778560744374274,Ganjar-Mahfud gaspoll,0,0,0,2,in,1296312516901916672,1733778560744374274,Bambangmulyonoo,https://twitter.com/Bambangmulyonoo/status/1733778560744374274,,,Pres
2023-12-10 16:20:00+07:00,1733778580054606008,Sebelum Ganjar Pranowo Pensiun  Alam Ganjar Tak Berniat Masuk Politik¬†demi Hindari Gesekan #GanjarMahfud #GanjarPranowo #GerakCepat #MahfudMD #IndonesiaUnggul #IndonesiaLebihBaik  https://t.co/Zw79RYeKmx,0,0,0,1,in,39074801,1733778580054606008,TPNGanjarMahfud,https://twitter.com/TPNGanjarMahfud/status/1733778580054606008,,Jakarta Capital Region,Pres
2023-12-10 16:22:32+07:00,1733779218813821329,Ganjar berkeinginan memulai program kualitas internet super cepat gratis  dan merata  dari lembaga pendidikan yakni sekolahan.  menurut nya  kualitas internet yang baik dan merata dapat mendorong aktivitas siswa untuk semakin berkembang dan produktif.  #GanjarMahfud2024 https://t.co/AQDdsceVnV,0,0,7,7,in,1227492565525491713,1733779218813821329,doctor__fabre,https://twitter.com/doctor__fabre/status/1733779218813821329,https://pbs.twimg.com/media/GA-e_8la8AAjxBL.jpg,,Pres
2023-12-10 16:23:41+07:00,1733779509995045325,Tapi yg saya respect  sukai  sayangi mah banyak muehehe  Termasuk yg saya jijik (buzzer Ganjar Prabowo rasis misalnya),0,0,0,1,in,1713265779234549760,1733765086878355739,ImaIsBack,https://twitter.com/ImaIsBack/status/1733779509995045325,,Indonesia,Pres
2023-12-10 16:24:02+07:00,1733779595655286808,Ganjar lari pagi di CFD Sudirman  borong kaos kaki dari ibu tua https://t.co/a4PcrJ2k6e,1,3,24,111,in,1247512756925763589,1733779595655286808,akupadi5,https://twitter.com/akupadi5/status/1733779595655286808,https://pbs.twimg.com/ext_tw_video_thumb/1733779364121366528/pu/img/9CbTkrzzKi48Utg-.jpg,Ahokers ü§üü§üü§ü,Pres
2023-12-10 16:24:03+07:00,1733779601279889907,Dewan Penasihat TPN @ganjarpranowo - @mohmahfudmd Yenny Wahid melakukan Jalan Sehat di kawasan Yogyakarta pada Minggu (10/12).  #SahabatGanjar hadir untuk mengawal kehadiran Putri dari Presiden Indonesia ke-3 trsebut.   #GanjarPresiden #Ganjar #GanjarUntukSemua #GanjarMahfud2024 https://t.co/ZhQxOOAhkA,0,0,5,5,in,1348605316875788291,1733779601279889907,CintaikarenaNya,https://twitter.com/CintaikarenaNya/status/1733779601279889907,https://pbs.twimg.com/media/GA-fUVMaIAAXEcX.jpg,Indonesia,Pres
2023-12-10 16:24:07+07:00,1733779617746714858,Aura kepemimpinan Ganjar - Mahfud meresapi hati rakyat  menjadi pilihan utama di tengah intimidasi yang terus berlangsung @akbarfitra11  Gaspol Satset https://t.co/XdrQteKFyD,0,0,0,0,in,1688770104681730048,1733779617746714858,zikriabidinm,https://twitter.com/zikriabidinm/status/1733779617746714858,,Pontianak,Pres
2023-12-10 16:24:14+07:00,1733779644913168657,ùóöùóÆùóªùó∑ùóÆùóø ùó†ùóÆùóµùó≥ùòÇùó± ùó†ùüØùóªùóÆùóªùó¥  Yenny Wahid bagikan kaos dukungan Ganjar-Mahfud kepada masyarakat Yogyakarta dan ikut nimbrung barisan pengamen di Malioboro.   Ditanya tentang jadwal safari Ganjar dan Presiden Jokowi yang sama  Yenny menyampaikan tanggapan singkat nan‚Ä¶ https://t.co/vQ6BPtY1Rt,4,10,137,500,in,1226725839099707392,1733779644913168657,aan_muba,https://twitter.com/aan_muba/status/1733779644913168657,https://pbs.twimg.com/ext_tw_video_thumb/1733779552894435328/pu/img/VkoftnqbvoLkOO5r.jpg,,Pres
2023-12-10 16:24:25+07:00,1733779692145009137,Ganjar Mahfud didukung Nahdliyin - Alumni PMII https://t.co/lmDGIhpI0p,0,0,0,0,in,1549233255257292800,1733779692145009137,Sandals_BT,https://twitter.com/Sandals_BT/status/1733779692145009137,https://pbs.twimg.com/ext_tw_video_thumb/1733779677993414656/pu/img/1MxuTT36-_6HvfVx.jpg,"Riau, Indonesia",Pres
2023-12-10 16:24:51+07:00,1733779802338038002,@CebyReborn Aku tetep Ganjar Pranowo dan Mahfud MD untuk Indonesia tegakkan hukum dan Demokrasi. Sehat dan bahagia selalu di Minggu yang ceria ini. PILIHAN NOMOR 3 ü§ü https://t.co/mDoZ45OePk,0,1,0,2,in,1629815240790773760,1733669998747611555,1973Suharjito,https://twitter.com/1973Suharjito/status/1733779802338038002,https://pbs.twimg.com/media/GA-fih3bsAAuVF0.jpg,,Pres
2023-12-10 16:26:21+07:00,1733780180420993180,Ganjar-Mahfud tidak terlalu banyak persiapan khusus. Selain karena padatnya agenda kampanye  visi misi yang akan dipaparkan dan diuji ketika debat adalah asli buah pikiran mereka.  https://t.co/MveKiGuZ2D,3,14,37,127,in,53922892,1733780180420993180,chicohakim,https://twitter.com/chicohakim/status/1733780180420993180,,Indonesia,Pres
2023-12-10 16:28:59+07:00,1733780844047986910,@HotelBrongto @samgoundez @widarto63285827 @hilalmultibiz @__AnakKolong @_BungHerwin @_maykopipait @_Rizmaya__ @aan_muba @DavidWijaya82 @Ganjar_Mahfud03 @WagimanDeep212_ @wapemla @Wo2_Anis_ORBA @eddy_widodo_165 @ediedot108 @AlfatihDhany @DahonoB @dwija_pangarsa @RomeoWalker19 @mak_iyik @IInayaturahmah @mikuroQ @ganjarpranowo yg pasti nya ganjarlah https://t.co/51frWGpioU,0,0,0,1,in,1639467516971065345,1730291948869841072,MOHDAHL01728541,https://twitter.com/MOHDAHL01728541/status/1733780844047986910,https://pbs.twimg.com/ext_tw_video_thumb/1733780796111212544/pu/img/u3gwd27SRQEcR8v1.jpg,,Pres
2023-12-10 16:29:34+07:00,1733780989590302982,Elektabilitas paslon nomor urut 02 Prabowo-Gibran makin kokoh di puncak. Sementara pasangan 01 Anies-Cak Imin mulai mendekati pasangan 03 Ganjar-Mahfud. #newsupdate #update #news #text https://t.co/VXWtG561ID,1,0,0,5,in,759692754985242625,1733780989590302982,kumparan,https://twitter.com/kumparan/status/1733780989590302982,,,Pres
2023-12-10 16:29:35+07:00,1733780994413724143,Dewan Penasihat TPN Ganjar-Mahfud  Yenny Wahid melakukan Jalan Sehat di kawasan Yogyakarta pada Minggu (10/12).  Sahabat Ganjar hadir untuk mengawal kehadiran Putri dari Presiden Indonesia ke-3 tersebut.  #SahabatGanjar  #GanjarMahfud2024 https://t.co/p2krAk10mT,0,0,10,28,in,1144772185229160449,1733780994413724143,eddy_widodo_165,https://twitter.com/eddy_widodo_165/status/1733780994413724143,https://pbs.twimg.com/media/GA-gldCbUAAP6hI.jpg,"Bogor, Jawa Barat",Pres
2023-12-10 16:30:05+07:00,1733781120343580956,Kita bikin polling dulu sodara2  sesuai no urut sbb: 1. Anies-Muhaimin = RT 2. Prabowo-Gibran = LIKE 3. Ganjar-Mahfud = REPLY  Gaskeun sodara2  campakkan itu hsl surpai-surpei berbyr murahan!ü§£ü§£ü§£ https://t.co/0xNA7r4JgU,29,217,4656,471,in,105085302,1733781120343580956,bachrum_achmadi,https://twitter.com/bachrum_achmadi/status/1733781120343580956,https://pbs.twimg.com/media/GA-gvQGagAA-j65.jpg,Bekasi - Indonesia,Pres
2023-12-10 16:30:17+07:00,1733781169387499669,Serius sih   kaos #GasssGanjarMahfud memang senyaman itu ü§≠  Mau Indonesia nyaman karena selalu taat dan menghormati konstitusi   Mau masyarakat sejahtera karena paling tidak satu sarjana dalam satu keluarga. Pilih Ganjar - Mahfud ü§ü https://t.co/pZGChhF1km,0,12,30,110,in,1374686160748830724,1733781169387499669,DS_yantie,https://twitter.com/DS_yantie/status/1733781169387499669,https://pbs.twimg.com/media/GA-gyQiboAAr_3O.jpg,,Pres
2023-12-10 16:30:19+07:00,1733781177369317723,@HotelBrongto @MOHDAHL01728541 @hilalmultibiz @samgoundez @__AnakKolong @_BungHerwin @_maykopipait @_Rizmaya__ @aan_muba @DavidWijaya82 @Ganjar_Mahfud03 @WagimanDeep212_ @wapemla @Wo2_Anis_ORBA @eddy_widodo_165 @ediedot108 @AlfatihDhany @DahonoB @dwija_pangarsa @RomeoWalker19 @mak_iyik @IInayaturahmah @mikuroQ @ganjarpranowo pasangan asam urat dengan asam sulfat iq nya sama¬≤ 0 koma,0,1,0,2,in,1473607825725145090,1730291948869841072,widarto63285827,https://twitter.com/widarto63285827/status/1733781177369317723,,,Pres
2023-12-10 16:30:22+07:00,1733781191529247126,Wakil Ketua TPN Ganjar-Mahfud  Andika Perkasa  optimis pasangan calon presiden dan calon wakil presiden  Ganjar Pranowo dan Mahfud Md.  bakal membuka 17 juta lapangan pekerjaan bila menang dalam pemilihan presiden atau Pilpres 2024. Bonus demografi disebut menjadi alasan peluang‚Ä¶ https://t.co/hqdgXk2VEt,3,30,88,522,in,153407983,1733781191529247126,PDI_Perjuangan,https://twitter.com/PDI_Perjuangan/status/1733781191529247126,https://pbs.twimg.com/media/GA-Z5JBaQAAPSTj.jpg,Indonesia,Pres
2023-12-10 16:31:46+07:00,1733781541980082543,Semakin dekat aja persaingannya  beda tipis saja tinggal 1 5% saja.  https://t.co/y7eJ12kmtQ  LSI merilis hasil survei terbaru tingkat elektabilitas Anies-Muhaimin (AMIN)  Prabowo-Gibran  dan Ganjar-Mahfud Md. Hasilnya  Prabowo-Gibran unggul.,0,0,1,1,in,2300604649,1733781541980082543,allpribadi,https://twitter.com/allpribadi/status/1733781541980082543,,,Pres
2023-12-10 16:32:19+07:00,1733781682019602447,Gak kurang Mbak Yenny Wahid yang membagikan kaos dukungan Ganjar Mahfud di Yogyakarta.  Simak jawaban Mbak Yenny ketika ditanya tentang jadwal safari @ganjarpranowo dan Presiden Jokowi yang sama. ü§≠  #Ngintili https://t.co/I46zWd0dDw,2,11,73,248,in,1042822530279473152,1733781682019602447,vita_AVP,https://twitter.com/vita_AVP/status/1733781682019602447,https://pbs.twimg.com/ext_tw_video_thumb/1733781350677929984/pu/img/UId5nUayK5NBL05R.jpg,"Banjarmasin, Indonesia",Pres
2023-12-10 16:33:48+07:00,1733782055895617814,Akademisi dan Apresiasinya Pada Keberanian Ganjar ini‚ùó Keren si emang simak deh guys  Adiba Zara Pendek BEM UGM Rohingya Survey FACIAL WASH Minggu PenghinaNabi DibelaAMIN Gibran https://t.co/DReI8BTMIG,0,1,1,7,in,1577554318559174656,1733782055895617814,aristi_widya,https://twitter.com/aristi_widya/status/1733782055895617814,https://pbs.twimg.com/ext_tw_video_thumb/1733782019853914112/pu/img/oxwduv_uBpfKpqRl.jpg,Surabaya,Pres
2023-12-10 16:34:09+07:00,1733782140838613057,Hasto: Komitmen Ganjar-Mahfud tingkatkan SDM hingga berantas KKN https://t.co/xpysggV3VX,1,1,0,2,in,18071520,1733782140838613057,antaranews,https://twitter.com/antaranews/status/1733782140838613057,,NKRI,Pres
2023-12-10 16:34:11+07:00,1733782150543995276,Itulah mengapa Ganjar-Mahfud selalu datang dalam acara dialog or debat asal waktunya pas..tanpa persiapan...,0,2,0,2,in,109476234,1733782150543995276,KWijono,https://twitter.com/KWijono/status/1733782150543995276,,,Pres
2023-12-10 16:34:20+07:00,1733782186502111386,Sumpah aneh  mahfud ama cak imim gimana tolak ukur sukanya https://t.co/OM1bDIoaPW,0,0,0,0,in,195294328,1733782186502111386,ustadaharu,https://twitter.com/ustadaharu/status/1733782186502111386,https://pbs.twimg.com/media/GA-htSjacAACV7p.png,,Akronim
2023-12-10 16:34:57+07:00,1733782342622413189,banyak orang salah kaprah. menganggap jika ganjar yang gubernur atau prabowo yang menteri pertahanan berkunjung ke daerah/lokasi yang ‚Äòasing‚Äô bagi keduanya  maka disebut #blusukan.   bukan begitu  monyooonggg‚Ä¶.,0,1,2,12,in,68083793,1733781884214338039,blontankpoer,https://twitter.com/blontankpoer/status/1733782342622413189,,"√úT: -7.544538,110.789063mbm sr",Pres
2023-12-10 16:35:01+07:00,1733782358799831470,Ganjar Pranowo dan  Siti Atikoh telah menunjukkan komitmen mereka terhadap  antikorupsi sjk  menjabat sbg Gubernur Jateng   Pada acara  Hari Antikorupsi  Siti Atiqoh  memberikan bbrp contoh awal menghindari korupsi spt menolak hadiah atau menolak ditraktir    #GanjarMahfud2024 https://t.co/l4wNT9whpC,0,2,24,56,in,1248538148990152704,1733782358799831470,Ghurem2,https://twitter.com/Ghurem2/status/1733782358799831470,https://pbs.twimg.com/media/GA-h20vbwAAa17e.jpg,Jateng  Indonesia,Pres
2023-12-10 16:35:06+07:00,1733782381910523922,Hasto Sebut Prabowo Minta Tambah Utang untuk Alutsista  Bandingkan dengan Ganjar https://t.co/qGZlGKzE1g,2,7,3,29,in,71436318,1733782381910523922,KompasTV,https://twitter.com/KompasTV/status/1733782381910523922,,Indonesia,Pres
2023-12-10 16:35:34+07:00,1733782497643937928,Pak Ganjar Pranowo silaturahmi kebangsaan dengan umat Kristen di DKI Jakarta  Dalam kesempatan tersebut  Ganjar berdiskusi dgn mereka  menjadikan momen tersebut sebagai wadah untk berbagi pandangan &amp; mendengarkan aspirasi dri seluruh umat Kristen yang turut hadir.  #SahabatGanjar https://t.co/vBDRi2Dov7,0,0,10,19,in,1209891354072866816,1733782497643937928,karshowno92,https://twitter.com/karshowno92/status/1733782497643937928,https://pbs.twimg.com/ext_tw_video_thumb/1733782452232171520/pu/img/SudT7ZymHPsUIz5M.jpg,"Jakarta Pusat, DKI Jakarta",Pres
2023-12-10 16:35:40+07:00,1733782523287937384,lebih naksir anaknya anies drpd anaknya ganjar COK CAKEP BANGET KAK MUTIARA JADI PACAR SY PLIS,0,1,0,0,in,1304260340193001472,1733782523287937384,kalkunsenang,https://twitter.com/kalkunsenang/status/1733782523287937384,,,Pres
2023-12-10 16:36:07+07:00,1733782638673232055,"Kata blunder"" menjadi trending untuk mengkerdilkan lawan. Sebenarnya tahu gak sih.. arti kata ""blunder""?. Sedikit2 blunder. Ganjar apalagi Mahfud MD bukan org kemarin sore dalam bidang hukum. UUD aja bisa diamandemen  Konstitusi aja bisa dikangkangi ( siapa tuh? ) Apalagi UU.""",0,0,0,0,in,2268416372,1733782638673232055,Morodi5,https://twitter.com/Morodi5/status/1733782638673232055,,,Akronim
2023-12-10 16:36:13+07:00,1733782661896994869,Ganjar Mahfud paket lengkap untuk kesejahteraan Indonesia   #GanjarMahfud #GanjarPresiden #Pemilu2024 https://t.co/MhbsyaZovj,0,0,0,2,in,1568806346681905152,1733782661896994869,jusufanwar68,https://twitter.com/jusufanwar68/status/1733782661896994869,https://pbs.twimg.com/media/GA-iI-WaoAA_JG9.jpg,"Riau Islands, Indonesia",Pres
2023-12-10 16:36:35+07:00,1733782754150724025,*Live TikTok DPP KNPI bersama para Artis Indonesia akan di adakan setiap hari dan di Mulai dari jam 15.00 WIB - 23.00 WIB.*  *Ganjar-Mahfud untuk Indonesia Unggul.*  https://t.co/fsP43Cdidu,0,1,1,0,in,1355843073230553088,1733782754150724025,knpiharis,https://twitter.com/knpiharis/status/1733782754150724025,,"Jakarta Capital Region, Indone",Pres
2023-12-10 16:36:36+07:00,1733782757078409646,Ganjar Mahfud didukung NU dan PMII  #GanjarMahfud #GanjarPresiden #Pemilu2024 https://t.co/pU1mVK8tmI,0,0,0,2,in,1568806346681905152,1733782757078409646,jusufanwar68,https://twitter.com/jusufanwar68/status/1733782757078409646,https://pbs.twimg.com/media/GA-iOcBbIAA83qH.jpg,"Riau Islands, Indonesia",Pres
2023-12-10 16:36:57+07:00,1733782847914447113,Orang ga suka dengan sosok #Prabowo bahkan ada yg sangat membencinya  itu tidak masalah ...   Tapi Alhamdulillah  gw ga punya rasa benci sedikitpun terhadap sosok Anies ataupun Ganjar  itulah yg ngebedain ELU dan GUE sebagai Pendukung.,1,5,2,10,in,726199814,1733782847914447113,anaktermudaa,https://twitter.com/anaktermudaa/status/1733782847914447113,,milan,Pres
2023-12-10 16:37:09+07:00,1733782899160453601,Setelah melihat perjuangan Ganjar-Mahfud  saya semakin yakin bahwa mereka adalah pilihan tepat buat bersihin pendidikan dari pungli. @Kadafii21  SatSet Bareng GAMA https://t.co/VWrbsdeUJN,0,0,0,0,in,1687025282908401665,1733782899160453601,effendiariii,https://twitter.com/effendiariii/status/1733782899160453601,https://pbs.twimg.com/media/GA-iWfgbIAAsJQJ.jpg,Pangkalpinang,Akronim
2023-12-10 16:37:58+07:00,1733783101082640438,Lama-lama Mahfud MD ‚Äòmenghabisi‚Äô dirinya sendiri  dasar si Gede Omong üòÖ,0,0,0,0,in,489473799,1733783101082640438,Katadika,https://twitter.com/Katadika/status/1733783101082640438,,Rimba Belantara,Akronim
2023-12-10 16:38:14+07:00,1733783170594861381,Survei LSI: Ganjar-Mahfud Dinilai Paling Berpotensi Melakukan Kecurangan  Ga kebayang dulu waktu masih kompak kayak  apa curangnya üòÅüòÅüòÅ https://t.co/N4c7TmwmTm,2,7,25,39,in,2395238000,1733783170594861381,tijabar,https://twitter.com/tijabar/status/1733783170594861381,,"Bandung, Jawa Barat",Pres
2023-12-10 16:39:00+07:00,1733783361666392497,Kalo yang nanganin orang-orang hebat kaya pak Ganjar  pak Mahfud sama pak Arsjad mah gua percaya IKN pasti kerenüòÅü§ü  #GanjarMahfud2024 #GanjarPresiden #ganjarsatsetikn #ganjarlanjutkanikn #IKNSolusiMasaDepan #arsjadrasjid https://t.co/ieGC7W14nD,0,0,0,0,in,1563061052199251969,1733783361666392497,samuelsuryadii,https://twitter.com/samuelsuryadii/status/1733783361666392497,https://pbs.twimg.com/ext_tw_video_thumb/1733721649512620032/pu/img/foRWRWo11XEZAZAl.jpg,"Surabaya, Indonesia ",Pres
2023-12-10 16:39:10+07:00,1733783406532763672,Mahfud Md Sowan ke Sesepuh Warga Jawa Barat Solihin GP https://t.co/pY73Y02jnP #Pemilu,0,83,51,75,in,47596019,1733783406532763672,liputan6dotcom,https://twitter.com/liputan6dotcom/status/1733783406532763672,,Jakarta,Akronim
2023-12-10 16:40:00+07:00,1733783613593051522,Adu Kritik Mahfud MD dan KPK Soal Penanganan Kasus Korupsi #GanjarMahfud #GanjarPranowo #GerakCepat #MahfudMD #IndonesiaUnggul #IndonesiaLebihBaik  https://t.co/1PZVofUOlx,0,0,0,2,in,39074801,1733783613593051522,TPNGanjarMahfud,https://twitter.com/TPNGanjarMahfud/status/1733783613593051522,,"DKI Jakarta, Indonesia",Akronim
2023-12-10 16:40:07+07:00,1733783641841627256,@Jayabay19479190 Sekdes kenteng  intimidasi dan mengancam warga untuk milih ganjar üôÑ https://t.co/SjQgRbeGap,0,1,2,3,in,1691356566719791104,1733741922035052952,PocongMeong,https://twitter.com/PocongMeong/status/1733783641841627256,https://pbs.twimg.com/ext_tw_video_thumb/1733783593800040448/pu/img/QzLpMX_mcIO7hljN.jpg,,Pres
2023-12-10 16:41:04+07:00,1733783882024263931,Survei LSI: Elektabilitas Prabowo-Gibran dan Anies-Muhaimin Naik  Ganjar-Mahfud Turun https://t.co/PH7oCQpIiF #beritajogja #jogja #jogjaistimewa https://t.co/ZPRaolq33p,0,1,1,0,in,118371948,1733783882024263931,Harian_Jogja,https://twitter.com/Harian_Jogja/status/1733783882024263931,https://pbs.twimg.com/media/GA-jQNlbgAAjpuT.jpg,"Yogyakarta, Indonesia",Pres
2023-12-10 16:41:40+07:00,1733784032939581523,.  Biarian aja mba @yennywahid  Follower itu emang suka begitu..  ü§£ü§£ .  2024 Ganjar - Mahfud Menang ‚ù§üá≤üá®ü§üü§üü§ü .  .  https://t.co/o6JNjfN7vy https://t.co/nUsQXsXWnZ,0,3,4,17,in,1527137705481580544,1733784032939581523,BlueNeo81,https://twitter.com/BlueNeo81/status/1733784032939581523,https://pbs.twimg.com/media/GA-jYwrasAAqX-f.jpg,+62 üáÆüá©,Pres
2023-12-10 16:42:26+07:00,1733784225814593829,Rakyat percaya  Ganjar - Mahfud akan membawa kebijakan yang inklusif dan pro-rakyat @Zeus99_Win  Gaspol Satset https://t.co/BaOIrvIOOD,0,0,0,0,in,1688435095571763200,1733784225814593829,mhmmdfjr09,https://twitter.com/mhmmdfjr09/status/1733784225814593829,,Surakarta,Pres
2023-12-10 16:44:13+07:00,1733784674953289914,bagi saya  bacapres seperti Anies  Ganjar atau Prabowo yang mengunjungi kampung kumuh  kompleks warga miskin atau ke pasar tradisional  tak bisa disebut #blusukan.   sayangnya  wartawan dan redaktur media pun abai terhadap makna sesungguhnya dari kata ‚Äòblusukan‚Äô. itu salah mereka,0,1,2,11,in,68083793,1733781884214338039,blontankpoer,https://twitter.com/blontankpoer/status/1733784674953289914,,"√úT: -7.544538,110.789063mbm sr",Pres
2023-12-10 16:44:56+07:00,1733784856256303557,GANJAR MENYERAH! PERSAINGAN PILPRES 2024 TINGGAL ANIES-PRABOWO PLUS JOKOWI https://t.co/nRRFNmJ0uw,0,6,8,24,in,1722014606712094720,1733784856256303557,herculep638,https://twitter.com/herculep638/status/1733784856256303557,https://pbs.twimg.com/media/GA-kI2OacAA4Suq.jpg,,Pres
2023-12-10 16:44:58+07:00,1733784863793377321,"5 bln lalu ketika elektabilitas ganjar diatas 30 %  mereka puja-puji lembaga survey  skrg ketika hasil survey gk sesuai harapan mereka ngamuk. üòÑ Kacian deh lu ubur"" sawah  sampai ada yg body shaming  ngatain org monyet  ngatai org yg disurvey bego. Mending kalian nangis aja. üòÇ https://t.co/Bh7B0EiWT0""",2,5,10,40,in,1659863813502693376,1733784863793377321,Ryan_Fighter7,https://twitter.com/Ryan_Fighter7/status/1733784863793377321,https://pbs.twimg.com/media/GA-kHNOboAAZw4G.jpg,moskov,Pres
2023-12-10 16:45:00+07:00,1733784874144923752,Dari timur hingga barat Indonesia Mayoritas memilih GAMA utk meneruskan kepemimpinan Indonesia.. https://t.co/SP8e2msdbA,0,0,0,4,in,197373511,1733784874144923752,TeweL0101,https://twitter.com/TeweL0101/status/1733784874144923752,https://pbs.twimg.com/ext_tw_video_thumb/1733784778254831617/pu/img/IiMCW7XRuuobcFiq.jpg,Jauh di Hatimu...,Wapres
2023-12-10 16:45:03+07:00,1733784885352100346,Dewan Penasihat TPN Ganjar-Mahfud  Yenny Wahid melakukan Jalan Sehat di kawasan Yogyakarta pada Minggu (10/12).  Sahabat @ganjarpranowo hadir untuk mengawal kehadiran Putri dari Presiden Indonesia ke-3 tersebut.  #SahabatGanjar #GanjarPresiden #GanjarUntukSemua #GanjarMahfud2024 https://t.co/MfY6Wxsygt,0,1,0,1,in,1218153107051315200,1733784885352100346,Enimarf,https://twitter.com/Enimarf/status/1733784885352100346,https://pbs.twimg.com/ext_tw_video_thumb/1733784810605457408/pu/img/BUsPgNKw-z8sxj2i.jpg,"East Borneo, Indonesia",Pres
2023-12-10 16:45:43+07:00,1733785053476581381,Keadilan dan kesetaraan menjadi prinsip utama yang diperjuangkan oleh Ganjar - Mahfud. @SanthyRia  Gaspol Satset https://t.co/KG2cdm1Ipg,0,0,0,0,in,1682332899599851522,1733785053476581381,CintiaaguCintia,https://twitter.com/CintiaaguCintia/status/1733785053476581381,,Palopo,Pres
2023-12-10 16:45:45+07:00,1733785062683152430,Yenny Wahid bagikan kaos dukungan Ganjar Mahfud kepada masyarakat Yogyakarta dan ikut nimbrung barisan pengamen di Malioboro.  Lepas dari blunder kader @psi_id anak buah wamen @RajaJuliAntoni  Jogja &amp; @yennywahid semakin istimewa buat @ganjarpranowo &amp; @mohmahfudmd is the best ü§ü https://t.co/dvhaGUQAmn,0,0,3,10,in,1478190519213694976,1733785062683152430,SalimCipok,https://twitter.com/SalimCipok/status/1733785062683152430,https://pbs.twimg.com/ext_tw_video_thumb/1733784383298093056/pu/img/0JnaWraZo68QguyQ.jpg,,Pres
2023-12-10 16:48:43+07:00,1733785809684455571,Sekretaris Tim Kampanye Nasional (TKN)  Nusron Wahid  mengatakan Presiden RI Joko Widodo (Jokowi) di periode 2014 dan 2019 bukanlah petugas partai. Hal itu disampaikan Nusron merespons Ketua Dewan Pakar Tim Pemenangan Nasional (TPN) Ganjar Pranowo-Mahfud MD  Sandiaga Uno. (ld) https://t.co/LFWKgor1Go,0,117,46,74,in,124171593,1733785809684455571,tribunnews,https://twitter.com/tribunnews/status/1733785809684455571,https://pbs.twimg.com/ext_tw_video_thumb/1733785239439478784/pu/img/jUi17Y2d3h7VWCaq.jpg,Indonesia,Pres
2023-12-10 16:48:44+07:00,1733785812511367657,Mantap jiwaüëç  Yenny Wahid all out dukung GANJAR-MAHFUD ü§ü,0,0,1,1,in,1354413021607550986,1733785812511367657,SukoharjoTf,https://twitter.com/SukoharjoTf/status/1733785812511367657,,,Pres
2023-12-10 16:49:23+07:00,1733785976483573827,Ganjar membuktikan bahwa kita tidak hanya butuh pemimpin yang pandai berbicara  tetapi juga yang mampu bertindak tegas untuk menciptakan perubahan nyata. @keullematise  SatSet Bareng GAMA https://t.co/a2gtOGNVRQ,0,0,0,0,in,1687062155953328128,1733785976483573827,neynasafirah,https://twitter.com/neynasafirah/status/1733785976483573827,https://pbs.twimg.com/media/GA-lJucbUAAaYvP.jpg,Pekalongan,Pres
2023-12-10 16:49:44+07:00,1733786064396144740,@Dennysiregar7 Jangan sampai kejadianlah  Ganjar-Mahfud harus menang  gak ada istilah kalah terhormat  Ganjar-Mahfud harus menang  gak bisa ditawar.,0,3,1,26,in,2196538849,1733783732769685866,deasijuli,https://twitter.com/deasijuli/status/1733786064396144740,, ‚ù§ Indonesia üáÆüá©,Pres
2023-12-10 16:50:00+07:00,1733786129919324328,Warga Bandung Barat Ngeluh ke Mahfud Md Soal Sembako Mahal-Pupuk Subsidi #GanjarMahfud #GanjarPranowo #GerakCepat #MahfudMD #IndonesiaUnggul #IndonesiaLebihBaik  https://t.co/7VKqKChe1A,0,0,0,2,in,39074801,1733786129919324328,TPNGanjarMahfud,https://twitter.com/TPNGanjarMahfud/status/1733786129919324328,,"DKI Jakarta, Indonesia",Akronim
2023-12-10 16:50:05+07:00,1733786151813869727,Pan BANSOS di korup besar2 an sm menteri dari partai si ganjar ü§£  Masa lupa jal,1,2,1,9,in,1604408934525464576,1733786151813869727,xquitavee,https://twitter.com/xquitavee/status/1733786151813869727,,"Hokota-shi, Ibaraki",Pres
2023-12-10 16:50:10+07:00,1733786174203056305,Meski dihadapi hambatan  keinginan untuk melihat Ganjar - Mahfud memimpin semakin membara di kalangan rakyat. @RiseUp_God  Gaspol Satset https://t.co/p0UPo05Ek8,0,0,0,0,in,1682212721104949249,1733786174203056305,AldiYulian79,https://twitter.com/AldiYulian79/status/1733786174203056305,,Samarinda,Akronim
2023-12-10 16:51:06+07:00,1733786406122832281,Hari Antikorupsi  Ganjar-Mahfud Bakal Jadi Peluru Tak Terkendali dalam Berantas Korupsi https://t.co/aJzW3agMqX #Pemilu,0,78,30,70,in,47596019,1733786406122832281,liputan6dotcom,https://twitter.com/liputan6dotcom/status/1733786406122832281,,Jakarta,Pres
2023-12-10 16:51:44+07:00,1733786566391406782,Kenalin Anak Calon Presiden Ganjar Pranowo. Sosok anak muda cerdas dan berwawasan luas. Anak Muda Cerdas berKARAKTER kelak yang akan melanjutkan estafet kepemimpinan..... Untuk Indonesia yang GemilangüáÆüá©‚ù§Ô∏è https://t.co/trzqZiZpLN,0,4,16,28,in,975389335775199232,1733786566391406782,_riverheaven,https://twitter.com/_riverheaven/status/1733786566391406782,https://pbs.twimg.com/ext_tw_video_thumb/1733786513866104832/pu/img/bO0T66Zdr2kSZPDz.jpg,,Pres
2023-12-10 16:51:46+07:00,1733786575669182661,Ganjar-Mahfud itu cocok banget  ya. Ganjar udah punya wawasan luas  pasti bisa bawa perubahan positif! @alovesis  Gaspol Satset https://t.co/N2Fc0QuYzf,0,0,0,0,in,1689520791292186625,1733786575669182661,YAnianty41,https://twitter.com/YAnianty41/status/1733786575669182661,,Jakarta Barat,Pres
2023-12-10 16:52:28+07:00,1733786750445875533,@StefanAntonio__ Tak peduli dengan semua survey ... Dengan akal waras aku tetap Ganjar - Mahfud üí™üá≤üá®ü§ü,0,1,1,17,in,1591641065328869377,1733778322516332803,eng_riez,https://twitter.com/eng_riez/status/1733786750445875533,,"East Nusa Tenggara, Indonesia",Pres
2023-12-10 16:53:34+07:00,1733787030059155500,Pasangan nomor urut 3 Ganjar Pranowo-Mahfud MD akan m3lakukan p3rbaikan  t3rutama dalam p3mb3rantasan korupsi jika m3m3nangi Pilpr3s 2024.  KPK dik3mbalikan Ind3p3nd3n Koruptor di p3njara di Nusakambangan As3tnya di pr3teli ? !  Kauapokkk wis 6 M3nteri &amp; 1 Wam3n Jokowi ü§≠ https://t.co/obHV7A1eda,1,102,17,127,in,1240137086331748352,1733787030059155500,Penyair_Berdiri,https://twitter.com/Penyair_Berdiri/status/1733787030059155500,https://pbs.twimg.com/media/GA-mHZ4bEAAEVTa.jpg,,Pres
2023-12-10 16:58:11+07:00,1733788191185121366,@muchlis_ar Lah  begini cara berpikir peneliti?logika peneliti kok ya kacau banget. Hahahaha Pake nyelipin fitnah plus provokasi lagi. Ya gue semakin berharap pdip dan ganjar kalah sekalah2nya..,1,2,4,17,in,973243538,1733710226006880357,brandal_baru,https://twitter.com/brandal_baru/status/1733788191185121366,,Jakarta,Pres
2023-12-10 17:37:48+07:00,1733798162413056332,@tempodotco Indonesia membutuhkan pemimpin yang hebat dan cerdas seperti GAMA,0,1,0,0,in,1723902892854390784,1733714700310094233,Daus18698,https://twitter.com/Daus18698/status/1733798162413056332,,,Wapres
2023-12-10 17:42:55+07:00,1733799449028178163,Up 9jaü§£üòÇ https://t.co/nhkzUIyxGX,0,0,0,0,in,1002136050628734976,1733799449028178163,GamaDahiru,https://twitter.com/GamaDahiru/status/1733799449028178163,https://pbs.twimg.com/ext_tw_video_thumb/1733798685668970496/pu/img/do33D2-M4HGljhTo.jpg,gama,Wapres
2023-12-10 17:43:43+07:00,1733799649776164886,Gus Muwafiq dukung Ganjar - Mahfud. Gaspol! ü§üüá≤üá® https://t.co/4tXONUw3Av,7,21,147,483,in,1003935463961341953,1733799649776164886,StellaSuwardi,https://twitter.com/StellaSuwardi/status/1733799649776164886,https://pbs.twimg.com/ext_tw_video_thumb/1733799609280180224/pu/img/zBPquJnJXXqP92Mu.jpg,,Pres
2023-12-10 17:46:18+07:00,1733800299708784790,Ganjar Pranowo dan Siti Atikoh telah menunjukkan komitmen mereka terhadap sikap antikorupsi sejak menjabat Gub Jateng  Istri capres Ganjar P menegaskan pentingnya prinsip ini dg kebiasaannya dlm berinteraksi dg UMKM utk tak menerima hadiah &amp; menjaga transparansi   #SahabatGanjar https://t.co/SCljlViagz,0,1,16,25,in,1476403270306336769,1733800299708784790,Notorosoati,https://twitter.com/Notorosoati/status/1733800299708784790,https://pbs.twimg.com/ext_tw_video_thumb/1733800177994178560/pu/img/UK3BndcpHA4SHhU-.jpg,Indonesia,Pres
2023-12-10 17:53:14+07:00,1733802043792638214,Calon Presiden Indonesia nomor urut tiga  Ganjar Pranowo  silaturahmi dengan umat Kristen &amp; menjadikan momen tersebut sebagai wadah untuk berbagi pandangan dan mendengarkan aspirasi dari seluruh umat Kristen yang turut hadir.  #SahabatGanjar #GanjarPresiden #GanjarMahfud2024 https://t.co/K2PqqoewWf,0,0,4,14,in,1478190519213694976,1733802043792638214,SalimCipok,https://twitter.com/SalimCipok/status/1733802043792638214,https://pbs.twimg.com/ext_tw_video_thumb/1733801893405839360/pu/img/kBru_38pDwuEHYQZ.jpg,,Pres
2023-12-10 17:57:26+07:00,1733803102749458778,Pilih Ganjar - Mahfud Jangan yang lain. ü§ü https://t.co/RprXrsU7q1,0,1,5,20,in,1234721976276541441,1733803102749458778,Dwi_Ekaputri,https://twitter.com/Dwi_Ekaputri/status/1733803102749458778,https://pbs.twimg.com/media/GA-0u6AagAAWKAP.jpg,,Pres
2023-12-10 18:03:57+07:00,1733804740855877900,Banyak sekali yang saya obrolkan dengan Sultan Kutai Kartanegara   Sultan Kutai Kartanegara Aji Muhammad Arifin. Terutama tentang bagaimana kerajaan dan kesultanan di negeri ini menjaga eksistensinya. Maka wajib hukumnya bagi negara untuk membantu mereka  sebagai bukti bakti kita‚Ä¶ https://t.co/T3ijP0gszX,11,1070,1151,3184,in,109762193,1733804740855877900,ganjarpranowo,https://twitter.com/ganjarpranowo/status/1733804740855877900,https://pbs.twimg.com/ext_tw_video_thumb/1733804652196728832/pu/img/xex_aCNtVajyoIOC.jpg,Indonesia,Pres
2023-12-10 18:17:55+07:00,1733808256513163640,Gus Muwafiq lho pilih Ganjar-Mahfud. Mosok sampean enggak.  Gaspollll  üáÆüá©üáÆüá©üáÆüá© ü§üü§üü§ü https://t.co/IpShbmaOTs,16,47,303,1063,in,84221579,1733808256513163640,narkosun,https://twitter.com/narkosun/status/1733808256513163640,https://pbs.twimg.com/ext_tw_video_thumb/1733808171813326848/pu/img/0BAImCRfSmIwsnYC.jpg,Indonesia,Pres
2023-12-10 18:23:12+07:00,1733809585478406314,@kompascom Ayoo tetap dukung pak Ganjar Mahfud untuk m3nang  GAMA layak m3nang,0,0,0,0,in,1687893350811385856,1733669657444593681,Nandaarsyntaaa,https://twitter.com/Nandaarsyntaaa/status/1733809585478406314,,,Wapres
2023-12-10 18:50:51+07:00,1733816543639994744,@kumparan Mantap pol pak Mahfud yakin GaMa M3nang bismillah üëç,0,1,0,0,in,1350986742569041920,1733702114009088165,agataradhaa,https://twitter.com/agataradhaa/status/1733816543639994744,,,Wapres
2023-12-10 18:52:45+07:00,1733817023426334721,Koordinasi Sahabat Ganjar itu memang luar biasa  di berbagai daerah kegiatannya berbeda-beda.  Ada yg bersosialisasi dgn berbagi makanan gratis  ada juga yg khusus adakan pentas gratis. Di Jogja  #SahabatGanjar menemani Yenny Wahid dlm acara jalan santai. https://t.co/ZVwVcQYbm8,1,1,33,62,in,1276794185425670144,1733817023426334721,AnakLolina2,https://twitter.com/AnakLolina2/status/1733817023426334721,https://pbs.twimg.com/media/GA_BYJ8bcAAEEZQ.jpg,,Pres
2023-12-10 18:55:34+07:00,1733817731257131357,@antaranews GAMA bersama rakyat. pemimpin cerdas dan bijaksana,0,0,0,0,in,1724412838062817280,1733710169513799898,dzi_harr,https://twitter.com/dzi_harr/status/1733817731257131357,,,Wapres
2023-12-10 18:57:03+07:00,1733818103254131061,"Pak @aniesbaswedan  Cawapres Anda Cak @cakimiNOW mengatakan lawan kalian 'standar' saja di Pilpres 2024.   Gak masalah bagi saya dgn pernyataan tsb  namun saya juga boleh ya mengatakan Lawan terberat Prabowo Gibran bukan AMIN tapi Ganjar Mahfud""   Skip  if u not trust me ü´∞ https://t.co/5tWZQxp5V5""",4,73,29,75,in,931419055549906944,1733818103254131061,Hasbil_Lbs,https://twitter.com/Hasbil_Lbs/status/1733818103254131061,https://pbs.twimg.com/ext_tw_video_thumb/1733818030893981696/pu/img/khf3LY3LefzDbZUr.jpg,"Jakarta Capital Region, Indone",Pres
2023-12-10 19:03:28+07:00,1733819720116416549,Dewan Penasehat TPN Ganjar-Mahfud  Yenny Wahid tampak menikmati acara jalan sehat di Jogja  YW yang ditemani #SahabatGanjar melakukan berbagai kegiatan seperti nyanyi bersama dan membagikan kaos kepada warga yang ada sekitar lokasi. #SahabatGanjar https://t.co/bT59lz8BIw,1,2,60,162,in,1547134387694993409,1733819720116416549,ex_AnakLolina,https://twitter.com/ex_AnakLolina/status/1733819720116416549,https://pbs.twimg.com/ext_tw_video_thumb/1733819671579906048/pu/img/NfZbQSe7CjCj4qMa.jpg,Jamaica,Pres
2023-12-10 19:04:51+07:00,1733820068025552957,Ganjar-Mahfud Pilihan TEPAT untuk Indonesia Lebih Baik..  #GasssGanjarMahfud https://t.co/tnpgSBUuF7,0,6,27,52,in,3666836898,1733820068025552957,petroson1146a,https://twitter.com/petroson1146a/status/1733820068025552957,https://pbs.twimg.com/media/GA_EKbqaUAAuVFq.jpg,,Pres
2023-12-10 19:28:07+07:00,1733825921533329530,@aan_muba Yaelah  elu panjang lebar..bla bla..bla..cuma narasikan acara pecah ban tempe bongkrek. Ganjar kan punya konsultan dan surveyor juga kayak @saiful_mujani @satriohendri ..tinggal rilis survey aja. Klo ada yg keberatan bawa ke persepi.,0,2,0,11,in,1647647857133129728,1733803952486166657,Jason_scalper,https://twitter.com/Jason_scalper/status/1733825921533329530,,,Pres
2023-12-10 19:29:57+07:00,1733826382705332477,Ganjar Pranowo menegaskan keseriusannya menangani kasus korupsi di Indonesia. Dia berharap agar pejabat yg terlibat dalam korupsi ditahan di Nusakambangan.  Mantan Gubernur Jateng ini juga ingin mendorong KPK utk bertindak tegas dalam menegakkan hukum  #GanjarMahfud2024 https://t.co/1ZoFPUHVBI,0,2,17,33,in,87632140,1733826382705332477,wil_ws_,https://twitter.com/wil_ws_/status/1733826382705332477,https://pbs.twimg.com/media/GA_J400aUAAIXsT.jpg,Indonesia,Pres
2023-12-10 19:31:06+07:00,1733826675253956906,Berdasarkan temuan LSI  elektabilitas Prabowo-Gibran meroket dari 35 9 persen pada Oktober lalu menjadi 45 6 persen Desember. https://t.co/rOnnfzt2fY,27,200,56,207,in,23343960,1733826675253956906,kompascom,https://twitter.com/kompascom/status/1733826675253956906,,Jakarta,Pres
2023-12-10 19:32:05+07:00,1733826919874052579,@Penyair_Berdiri Pak mahfud md ini pintar dan sosok yang intelektual,0,1,0,0,in,1729027874404044800,1733787030059155500,Esmatcha00,https://twitter.com/Esmatcha00/status/1733826919874052579,,,Akronim
2023-12-10 19:33:35+07:00,1733827297210482715,Mahfud MD Mengaku Siap Adu Debat Cawapres: Enggak Usah Tanya Persiapannya Apa https://t.co/zzwX6eybkO,1,2,1,4,in,71436318,1733827297210482715,KompasTV,https://twitter.com/KompasTV/status/1733827297210482715,,Indonesia,Akronim
2023-12-10 19:33:48+07:00,1733827351287587317,@Gus_Raharjo Semoga kepemimpinan jatuh kepada orang yang tulus amanah mengemban tugas menjaga merawat negeri kita Ganjar-Mahfud 2024,0,1,1,6,in,1710482231758880768,1733720787503423491,Aldi02605044514,https://twitter.com/Aldi02605044514/status/1733827351287587317,,,Pres
2023-12-10 19:34:35+07:00,1733827551913767007,@adearmando61 Gemoy bisa apa? Walaupun di ketiak penguasa tetap aja kalah rekam jejak nya ngeri bungü§¶üèº Gajar-mahfudü§üüáÆüá© https://t.co/Jzury5Wg5a,2,11,14,114,in,1419703697718747138,1733805157421617503,pol_dinasti24,https://twitter.com/pol_dinasti24/status/1733827551913767007,https://pbs.twimg.com/ext_tw_video_thumb/1733827440714395648/pu/img/UA2jDkVBs5fnQidp.jpg,,Akronim
2023-12-10 19:34:37+07:00,1733827559551631824,@Penyair_Berdiri ganjar mahfud merangkul semua kalangann dan tidak pilih2 semoga m3nang,0,1,0,0,in,1350986742569041920,1733787030059155500,agataradhaa,https://twitter.com/agataradhaa/status/1733827559551631824,,,Akronim
2023-12-10 19:34:43+07:00,1733827582762824014,@Penyair_Berdiri Bersama GAMA kita majukan indonesia  GAMA m3nang,0,1,0,0,in,1300764047466311687,1733787030059155500,calcol69,https://twitter.com/calcol69/status/1733827582762824014,,,Wapres
2023-12-10 19:43:04+07:00,1733829683819770254,@Penyair_Berdiri Hidup ganjar-mahfud capres3 untuk m3nang,0,1,0,0,in,1725396444616830976,1733787030059155500,ayoex_aza,https://twitter.com/ayoex_aza/status/1733829683819770254,,,Pres
2023-12-10 19:50:46+07:00,1733831621907025931,Survei Terbaru Indikator Menempatkan Pasangan Ganjar - Mahfud Duduki Puncak di Jawa Tengah.  Adiba PenghinaNabi DibelaAMIN AMIN PengkhianatUmat Zara Survey Rohingya Minggu https://t.co/ByQIFdHsgo,0,2,3,10,in,1533697678613565440,1733831621907025931,mediaterkin1,https://twitter.com/mediaterkin1/status/1733831621907025931,https://pbs.twimg.com/media/GA_OnrLb0AEk2ZH.jpg,,Akronim
2023-12-10 19:51:04+07:00,1733831699254194397,Joget tiga jari ini merupakan bentuk dukungan untuk memenangkan pasangan Ganjar Pranowo-Mahfud MD di Pilpres 2024. #newsupdate #update #news #text https://t.co/wforpQr3qa,14,116,112,121,in,759692754985242625,1733831699254194397,kumparan,https://twitter.com/kumparan/status/1733831699254194397,,,Pres
2023-12-10 19:54:24+07:00,1733832535011168442,Selamat menang turnamen nack  pai bangga sekali padamu  ini hadiah motor sprot buat gama https://t.co/zotT7MVXJM,1,1,1,1,in,1722482504282804224,1733832535011168442,RANJAYAFAMS,https://twitter.com/RANJAYAFAMS/status/1733832535011168442,https://pbs.twimg.com/media/GA_Pf2hbMAAiGJ0.jpg,put dn ,Wapres
2023-12-10 19:54:32+07:00,1733832571493212160,Dewan Penasihat TPN Ganjar-Mahfud  Ibu Yenny Wahid mlakukan Jalan Sehat di kawasan Tugu Yogyakarta pada Minggu (10/12) Sahabat Ganjar hadir u/ mengawalnya  Ribuan masyarakat ikut serta kegiatan tersebut krn bgitu bersemangat ingin memenangkan pasangan Ganjar-Mahfud #SahabatGanjar https://t.co/9FQdjuGbLa,0,0,3,3,in,1496839988365111298,1733832571493212160,TracyPedas,https://twitter.com/TracyPedas/status/1733832571493212160,https://pbs.twimg.com/ext_tw_video_thumb/1733832540191178752/pu/img/Ssbp3MnOyo_FxPCS.jpg,,Pres
2023-12-10 19:54:50+07:00,1733832646701244524,@Penyair_Berdiri Bismillah pak ganjar pasti m3nang,0,1,0,0,in,1722898111797088256,1733787030059155500,AmaeliaHasanah,https://twitter.com/AmaeliaHasanah/status/1733832646701244524,,,Pres
2023-12-10 20:15:34+07:00,1733837865258537158,Sekedar pencitraan untuk menyapa warga pun kalian tidak bisa lakukan  bagaimana mungkin  survei mengatakan kalian idola rakyat? ü§¶  Lihatlah Ganjar Pranowo terbiasa menyapa warga  tanpa dibuat2. #SahabatGanjar https://t.co/1GcusonPDF,1,3,42,90,in,1677662458167836673,1733837865258537158,lolina_321lagi,https://twitter.com/lolina_321lagi/status/1733837865258537158,https://pbs.twimg.com/ext_tw_video_thumb/1733837690972573696/pu/img/4ZN-KXQqNEjE6a1q.jpg,Jamaica,Pres
2023-12-10 20:24:36+07:00,1733840134884528458,Dalam Survei LSI elektabilitas #PrabowoGibran memperoleh angka 45 6 persen.  https://t.co/3DiguQ7YNy,0,0,2,0,in,893384580014657536,1733840134884528458,4_devout,https://twitter.com/4_devout/status/1733840134884528458,,Pamulang Permai,Pres
2023-12-10 20:34:19+07:00,1733842581522665653,Novel Baswedan Protes Keras Mahfud MD Soal OTT KPK Tanpa Cukup Bukti: Ini Tuduhan Serius https://t.co/FbpUKGGO27,0,0,29,49,in,887743587579944960,1733842581522665653,OposisiCerdas,https://twitter.com/OposisiCerdas/status/1733842581522665653,,,Akronim
2023-12-10 20:38:57+07:00,1733843749124583586,Aku mohon ayok dukung pak GANJAR PRANOWO jadi PRESIDEN seumur HIDUP https://t.co/5KIseRvrBD,0,0,0,0,in,1726021113439047680,1733843749124583586,SOLIKIN345,https://twitter.com/SOLIKIN345/status/1733843749124583586,https://pbs.twimg.com/ext_tw_video_thumb/1733843615049457664/pu/img/f8vRmSMIdBwG7KsC.jpg,PATI Kota para DEWA DEWI CINTA,Pres
2023-12-10 20:39:09+07:00,1733843797069722047,Zulhas Klaim Jokowi sudah Tak di PDIP  Hasto: Itu Cara Membantu Memenangkan Ganjar-Mahfud https://t.co/FJy8LEA3oz,0,3,0,7,in,55507370,1733843797069722047,tvOneNews,https://twitter.com/tvOneNews/status/1733843797069722047,,"Pulo Gadung, Indonesia",Akronim
2023-12-10 20:43:06+07:00,1733844792113873228,Sandiaga turut mengenang masa perjuangannya dengan Prabowo Subianto saat melawan Jokowi-Ma'ruf Amin pada Pilpres 2019. https://t.co/uLrsEL97On,1,1,0,7,in,23343960,1733844792113873228,kompascom,https://twitter.com/kompascom/status/1733844792113873228,,Jakarta,Pres
2023-12-10 20:43:48+07:00,1733844969167974442,LAH WIWI SKRG FOLLOWINGNYA 0 üò≠üò≠üò≠ https://t.co/JxLtKqupRx,0,1,0,0,in,1263583947285426181,1733844969167974442,gamalatuconsina,https://twitter.com/gamalatuconsina/status/1733844969167974442,https://pbs.twimg.com/media/GA_az49aMAEeuXA.jpg,"Stockholm, Sweden",Wapres
2023-12-10 20:45:14+07:00,1733845327730627054,Dewan Penasihat TPN Ganjar-Mahfud  Yenny Wahid melakukan Senam Sehat di kawasan Tugu Yogyakarta pada Minggu (10/12).  #SahabatGanjar  #GanjarMahfud2024 https://t.co/V3n6dYeuAf,0,0,3,5,in,1383307094879727621,1733845327730627054,giacan_,https://twitter.com/giacan_/status/1733845327730627054,https://pbs.twimg.com/ext_tw_video_thumb/1733845294465568768/pu/img/cCdD69d11_86XzAs.jpg,jakarta Indonesia,Pres
2023-12-10 20:48:28+07:00,1733846143308890619,Menurut Ganjar  pendidikan bukan sekadar mencetak tukang  tetapi membentuk individu dengan moral  etika  dan integritas yang kuat.  #SahabatGanjar  #GanjarMahfud2024 https://t.co/FHntRZZowt,0,0,4,8,in,1383307094879727621,1733846143308890619,giacan_,https://twitter.com/giacan_/status/1733846143308890619,https://pbs.twimg.com/ext_tw_video_thumb/1733846055509450752/pu/img/9pl8j0U6SzQk0Ypr.jpg,jakarta Indonesia,Pres
2023-12-10 20:48:30+07:00,1733846149860340175,Capres Emosian? Maaf bukan Kriteria Gw üò© . Gw setuju yang diucapkan Ibu Sri Mulyani üëçüòé . Harapan Untuk Indonesia Unggul 2024  #Ganjar https://t.co/PnZp7fOL0R,7,9,138,462,in,1227573267461853184,1733846149860340175,QalbuBahasa,https://twitter.com/QalbuBahasa/status/1733846149860340175,https://pbs.twimg.com/ext_tw_video_thumb/1733845100705566721/pu/img/5xFemCoi7JDNssE1.jpg,IndonesiaRaya ,Pres
2023-12-10 20:52:24+07:00,1733847131746918790,@jpnncom Pak ganjar pak mahfud adalah sosok pemimpin harapan dan impian rakyat untuk menjadikan indonesia lebih baik lagi yakin aja gama bisa m3nang,0,3,0,1,in,1091576992565084160,1733517142321156426,DewiF59024454,https://twitter.com/DewiF59024454/status/1733847131746918790,,"Kota Palembang, Sumatera Selat",Wapres
2023-12-10 20:52:59+07:00,1733847278367224108,Di MAgelang kita tercinta ini  kita ciptakan energi yg bersumber dari kekuatan persaudaraan dan perjuangan.  Kt gaungkan gagasan2. Bukan kebencian  Kt pamerlan ide2 kreatif  bkn aksi2 anarkis. Inilah simbol perjuangan utk kemenangan @ganjar_pranowo @moahfudmd  @ianmenoreh https://t.co/PtNOxvr2zA,17,65,1,11,in,593607951,1733847278367224108,IniMagelangKu,https://twitter.com/IniMagelangKu/status/1733847278367224108,https://pbs.twimg.com/ext_tw_video_thumb/1733846773054177282/pu/img/9wVyUHderycNx527.jpg,"Magelang, Indonesia",Pres
2023-12-10 20:53:13+07:00,1733847339088138455,SKENARIO KUBU GANJAR-MAHFUD NGERJAIN KUBU ANIES-IMIN  *sebuah thread* https://t.co/tF8oOILqGh,91,603,617,3430,in,869327120,1733847339088138455,PartaiSocmed,https://twitter.com/PartaiSocmed/status/1733847339088138455,https://pbs.twimg.com/media/GA_c9kfbIAAIoVs.jpg,Indonesia,Pres
2023-12-10 21:04:00+07:00,1733850051301273617,Ganjar-Mahfud Harapan bangun Rakyat Sejahtera,0,0,0,0,in,1508051538,1733850051301273617,junhyungo,https://twitter.com/junhyungo/status/1733850051301273617,,b.o Junhyung.,Akronim
2023-12-10 21:04:00+07:00,1733850051284435455,mntap Ganjar-Mahfud Harapan bangun Rakyat Sejahtera,0,0,0,0,in,875611891002822656,1733850051284435455,junguhoon,https://twitter.com/junguhoon/status/1733850051284435455,,b.o. Junghoon.,Akronim
2023-12-10 21:04:31+07:00,1733850181224001646,Emng mantul GAMA yg terbaik untuk Indonesia Ganjar-Mahfud Harapan Rakyat Sejahtera,0,0,0,0,in,1695055227622129664,1733850181224001646,minumguys,https://twitter.com/minumguys/status/1733850181224001646,,,Wapres
2023-12-10 21:05:25+07:00,1733850410421719269,@jpnncom Ayoo tetap dukung pak Ganjar Mahfud untuk m3nang  GAMA layak m3nang,0,1,0,0,in,1688977869710786560,1733505310357332423,AiraGreselya,https://twitter.com/AiraGreselya/status/1733850410421719269,,,Wapres
2023-12-10 21:08:13+07:00,1733851114838392867,@jpnncom Pak Ganjar Mahfud pilihan yang tepat untuk m3nang  ayo dukung GAMA terus,0,1,0,0,in,1688977869710786560,1733440136736854354,AiraGreselya,https://twitter.com/AiraGreselya/status/1733851114838392867,,,Wapres
2023-12-10 21:13:47+07:00,1733852515605913772,Kita ini bisa menjadi penerus pak Jokowi üòÅ # Ganjar Mahfud https://t.co/j7POzWygYA,0,0,0,0,in,1615624470349377536,1733852515605913772,Rafa78775237,https://twitter.com/Rafa78775237/status/1733852515605913772,https://pbs.twimg.com/ext_tw_video_thumb/1733851880479162368/pu/img/xPDdP7Xn6HwUri_u.jpg,,Pres
2023-12-10 21:15:49+07:00,1733853024643330238,Kesederhanaan Ganjar adalah Kemewahan Tertinggi dari NILAI Kepribadiannya ü•∞  Ga ada manipulasi apapun tentang track recordnya Semua jelas terbaca Semua nampak terlihat  Demi NKRI yuks #GasssGanjarMahfud üí™üí™ Yakin #GanjarMahfudM3nang ü§ü https://t.co/rhzPEcs0oH,0,21,69,198,in,1371093579301486600,1733853024643330238,FireBirdPHOENIK,https://twitter.com/FireBirdPHOENIK/status/1733853024643330238,https://pbs.twimg.com/ext_tw_video_thumb/1733849199580700672/pu/img/z-525QDB67SFk2ti.jpg,Indonesia,Pres
2023-12-10 21:27:02+07:00,1733855849603555537,Kesimpulan si @habiburokhman :  @gibran_tweet : Parah @mohmahfudmd : Lebih Parah  ü§£ü§£ü§£ü§£ https://t.co/9QgzIbi1vE,0,3,7,17,in,1112249626726293504,1733855849603555537,NcangBeni,https://twitter.com/NcangBeni/status/1733855849603555537,,Pinggiran Betawi - Kegusur,Akronim
2023-12-10 21:30:55+07:00,1733856824829628568,Capres nomor urut 3 Pak Ganjar Pranowo mengisi akhir pekan di hari Minggu dengan berolahraga di CFD di Sudirman-Thamrin  Jakarta.  Pak Ganjar berlari menelusuri jalan Sudirman-Thamrin. Banyak masyarakat yg mengajaknya bersalaman &amp; berfoto bersama #SahabatGanjar #KimTaehyung https://t.co/7ufjDMJazo,0,0,3,4,in,1496839988365111298,1733856824829628568,TracyPedas,https://twitter.com/TracyPedas/status/1733856824829628568,https://pbs.twimg.com/ext_tw_video_thumb/1733856795918307328/pu/img/Xv6oEMLyrv7McH7v.jpg,,Pres
2023-12-10 21:32:51+07:00,1733857313168240670,Yenny Wahid be like : ga usah kampanye yg jelek  karena apa yang sudah sangat baik dari Pak Jokowi akan diteruskan oleh pasangan Ganjar-Mahfud.  #GanjarMahfud #GanjarMahfudHarapan #GanjarJokowiBanget #YennyWahid https://t.co/RJgr1gUQ6J,7,0,0,1,in,1227906764,1733857313168240670,RomanAgustav,https://twitter.com/RomanAgustav/status/1733857313168240670,https://pbs.twimg.com/ext_tw_video_thumb/1733856633217015809/pu/img/pflLoZTjMhAonPqH.jpg,,Akronim
2023-12-10 21:35:05+07:00,1733857876136043002,Kalau cuma Baliho yg rusak atau dirusak gpp Yg penting semangatnya tidak goyah utk mendukung Ganjar Mahfud ü§ü https://t.co/D5RV8Ch9Kb,11,21,144,390,in,1248538148990152704,1733857876136043002,Ghurem2,https://twitter.com/Ghurem2/status/1733857876136043002,https://pbs.twimg.com/ext_tw_video_thumb/1733857776047403008/pu/img/-vAUu32ySMIr48gQ.jpg,Jateng  Indonesia,Pres
2023-12-10 21:40:02+07:00,1733859118459539465,Makanya gw kate juge ape.Pilih aje Muhaimin kenapa?   Mahfud Ralat Pernyataan soal OTT KPK  Habiburokhman: Lebih Parah dari Gibran https://t.co/yR4Z9K679u,0,3,6,16,in,1492070271800414210,1733859118459539465,PutraErlangga95,https://twitter.com/PutraErlangga95/status/1733859118459539465,,"Jakarta Pusat, DKI Jakarta",Akronim
2023-12-10 21:42:01+07:00,1733859619595051199,Alasan ganjar ingin internet cepat &amp; gratis adalah.. https://t.co/x0vvmcVkCk,25,132,55,768,in,1501402215726346245,1733859619595051199,memelord_666666,https://twitter.com/memelord_666666/status/1733859619595051199,https://pbs.twimg.com/media/GA_oIo_agAE00ca.jpg,Kings Landing,Pres
2023-12-10 21:42:18+07:00,1733859691913248962,@Gus_Raharjo Dan saatnya kita pilih Ganjar Mahfud yg rekam jejaknya hampir sama dg Pak Jokowi saat kampanye dulu ü§üüèºü§üüèºü§üüèº,0,0,2,2,in,1405464188579848194,1733720787503423491,LuckyBangtan123,https://twitter.com/LuckyBangtan123/status/1733859691913248962,,antara Pickaw & Swennpi,Pres
2023-12-10 21:44:50+07:00,1733860328340128190,Juru Bicara TPN Ganjar-Mahfud  Aryo Seno Bagaskoro mengatakan  capres-cawapres nomor urut 3 di Pilpres 2024 yang didukung Partai PDI Perjuangan  Ganjar Pranowo-Mahfud MD fokus pada komitmen penegakan supremasi hukum dan ham. Hal ini akan dikemukakan dalam debat perdana Selasa  12‚Ä¶ https://t.co/6jCPZApa6o,4,98,91,318,in,153407983,1733860328340128190,PDI_Perjuangan,https://twitter.com/PDI_Perjuangan/status/1733860328340128190,https://pbs.twimg.com/media/GA_ox0QbEAAN0j8.jpg,Indonesia,Akronim
2023-12-10 21:47:57+07:00,1733861110695297140,Salahnya  Gibran nolak jadi cawapres Ganjar Salahnya Jokowi gak dukung  Ganjar 100%ü§£ü§£ü§£ https://t.co/94pJh3WWa0,11,35,44,137,in,1709123175450288128,1733861110695297140,mas_veel,https://twitter.com/mas_veel/status/1733861110695297140,https://pbs.twimg.com/ext_tw_video_thumb/1733861065606520832/pu/img/lBWIOfTXxVblOO06.jpg,,Pres
2023-12-10 22:06:35+07:00,1733865803433546025,Lagu dari The Virgin utk Ganjar Mahfud  #GanjarMahfud  #GanjarUntukSemua  #GanjarPresiden https://t.co/o9OFZO3287,2,12,98,309,in,228628424,1733865803433546025,AirinDatangLagi,https://twitter.com/AirinDatangLagi/status/1733865803433546025,https://pbs.twimg.com/ext_tw_video_thumb/1733865720310910976/pu/img/Mh5e3HjvtMcc7FV2.jpg,"√úT: -6.1389099,106.7214539",Pres
2023-12-10 22:12:04+07:00,1733867183493824587,kak fungsi kamera belakangnya buat apa?  üêØ: https://t.co/HGxOhwgpWC,13,7,186,691,in,1691375991678230529,1733867183493824587,nakutinn,https://twitter.com/nakutinn/status/1733867183493824587,https://pbs.twimg.com/ext_tw_video_thumb/1733867133434744832/pu/img/HUJXfqPnW9pkIrcu.jpg,RPS MARKHYUCK ,Wapres
2023-12-10 22:18:03+07:00,1733868686765932884,#GasssGanjarMahfud  Jangan Ragu...!!   B3rsih dari KORUPSI  B3rsih dari P3langgaran HAM   Ganjar Mahfud Tidak Punya Beban Masa Lalu..  ü§üüá≤üá® https://t.co/TLVOsvzQnp,1,8,38,84,in,1915717428,1733868686765932884,jijindut,https://twitter.com/jijindut/status/1733868686765932884,https://pbs.twimg.com/media/GA_wXmnacAEtTB4.jpg,INDONESIA,Pres
2023-12-10 22:21:30+07:00,1733869555477610574,Internet Gratis Dari Ganjar Tenggelamkam Makan Siang dan Susu Gratis  Saat Ganjar kampanye di Balikpapan  Kaltim  dia berdiskusi dengan para mahasiswa Balikpapan bertajuk 'Gratisin! Internet Super Cepat  Gratis dan Merata'.  Ganjar akan menyediakan internet gratis berkualitas‚Ä¶ https://t.co/qVHniQFGKI,3,31,89,350,in,821859629034409985,1733869555477610574,KakekHalal,https://twitter.com/KakekHalal/status/1733869555477610574,https://pbs.twimg.com/media/GA_xKDWaoAA2Amk.jpg,Indonesia üáÆüá©,Pres
2023-12-10 22:21:52+07:00,1733869649400619362,@zy_zy_its_me Pendukung gama nggak usah ditanggapi para piaraan 02 nanti merka ngesot sambil jilatin ludahnya dilantai untuk minta belas kasihan setelah 03 dilantik  skrng yuk nonton debat Cabpres gagal 2019 vs capres yg surveinya melejit terus dukungan lurah n cawapres anak haram konsitusi https://t.co/cgLd8950Cu,0,2,0,3,in,134987597,1733807618634944781,yansdiart,https://twitter.com/yansdiart/status/1733869649400619362,https://pbs.twimg.com/ext_tw_video_thumb/1733869602067906560/pu/img/1Ta2ucB0zjgr7-OY.jpg,,Wapres
2023-12-10 22:25:18+07:00,1733870514098364495,KAMPANYE YG DILIHAT PENGALAMAN PRESTASI &amp; VISI BUKAN GOYANG &amp; LUCU2 GEMOY GEMBROT &amp; LETOY KALIüòÑüôè  gibran di solo banyak proyek dr pusat &amp; otaknya bukan dia. Cuma ttd sj Lulusan SMK kt roy &amp; dr tifa  ko jd cawapres karbitan ilegal   Presiden punya jadwal tp bisa dirubah lah.. U‚Ä¶ https://t.co/O27A63MdeZ,2,1,29,36,in,1637841258231271424,1733870514098364495,Ganjar_Mahfud03,https://twitter.com/Ganjar_Mahfud03/status/1733870514098364495,https://pbs.twimg.com/ext_tw_video_thumb/1733870273450192896/pu/img/UK7LTCe7BxyXq2aq.jpg,Indonesia,Pres
2023-12-10 22:28:06+07:00,1733871215159427437,Survei LSI: Elektabilitas Prabowo-Gibran Terus Meningkat  Ganjar-Mahfud Menurun https://t.co/XlR18yFVex #BeritaSatu #Berita #Newsupdate,3,390,79,196,in,154102750,1733871215159427437,Beritasatu,https://twitter.com/Beritasatu/status/1733871215159427437,,Jakarta,Pres
2023-12-10 22:30:00+07:00,1733871695717421091,"Ganjar tentang Jokowi hari ini  Tidak bersama kami lagi."" . . https://t.co/In5MR1DL37""",5,24,136,415,in,2542665199,1733871695717421091,YRadianto,https://twitter.com/YRadianto/status/1733871695717421091,https://pbs.twimg.com/ext_tw_video_thumb/1733837526321004544/pu/img/txDRUR3vQV63BZIM.jpg,"Jawa Barat, Indonesia",Pres
2023-12-10 22:31:49+07:00,1733872153890885905,@officialinews_ GAMA the best untuk Indonesia maju,0,2,0,0,in,1723902892854390784,1733670525225099305,Daus18698,https://twitter.com/Daus18698/status/1733872153890885905,,,Wapres
2023-12-10 22:33:23+07:00,1733872547341754819,@officialinews_ kawal Ganjar dan Mahfud sampai m3nang,0,4,0,0,in,1723902892854390784,1733637652421947405,Daus18698,https://twitter.com/Daus18698/status/1733872547341754819,,,Akronim
2023-12-10 22:35:06+07:00,1733872979053019442,GAMA paket lengkap dn berkualitas..yg lain omdo..plg PK wo dn blimbing sayur..sngt TDK bkualitas,0,0,0,0,in,1675845255806214145,1733872979053019442,DayatDilla59887,https://twitter.com/DayatDilla59887/status/1733872979053019442,,,Wapres
2023-12-10 22:35:31+07:00,1733873082551656648,Keluarga Pak Ganjar üòä‚ù§Ô∏è‚ù§Ô∏è‚ù§Ô∏èüòäüëçüëçüëçü§üüáÆüá©ü§üüáÆüá©ü§üüáÆüá© https://t.co/Pyjy2mKL6S,0,0,0,1,in,258865790,1733873082551656648,DoddyRambing,https://twitter.com/DoddyRambing/status/1733873082551656648,https://pbs.twimg.com/ext_tw_video_thumb/1733872902876139520/pu/img/AonpxlXcJ2FQAsVr.jpg,DKI JAKARTA,Pres
2023-12-10 22:36:22+07:00,1733873296406634893,@officialinews_ Gaspol pak langsung sikat semuanya. Gama emang top,0,6,0,0,in,1634808203086295040,1733642684990906810,AlternatifSitus,https://twitter.com/AlternatifSitus/status/1733873296406634893,,,Wapres
2023-12-10 22:39:08+07:00,1733873995030958363,@IDNTimes Ganjar Mahfud yang terbaik  optimis menangüî•,0,1,0,0,in,1656106284373143552,1733665228112691643,AKBARRA99431207,https://twitter.com/AKBARRA99431207/status/1733873995030958363,,,Pres
2023-12-10 22:39:42+07:00,1733874136974573873,@alladizn Keren banget Gama  terima kasih udah jadi orang hebat. Pasti ga gampang buat lewatin semua itu  Gama keren! https://t.co/XQrLiChGm3,0,1,1,1,in,1500993923434496005,1733872216729862295,kvurcaci,https://twitter.com/kvurcaci/status/1733874136974573873,https://pbs.twimg.com/tweet_video_thumb/GA_1VHTasAA8Ue3.jpg,she/her ‚Äî 21+,Wapres
2023-12-10 22:41:17+07:00,1733874534435217635,GAMA sat set jos gapake lama nih emng terbaik Ganjar-Mahfud Satset Jos Bikin Rakyat Bahagia,0,0,0,0,in,1695317984754237440,1733874534435217635,Kiranaiyanii,https://twitter.com/Kiranaiyanii/status/1733874534435217635,,,Wapres
2023-12-10 22:48:01+07:00,1733876228225110271,Ini pasti gara-gara mbah Wowo udh mahir ngaji dan qori. ü§å  Survei Indikator: Suara Pemilih NU ke Prabowo-Gibran Naik  Ganjar-Mahfud Turun  https://t.co/110t1zeA2q,6,62,58,334,in,2156465923,1733876228225110271,yusuf_dumdum,https://twitter.com/yusuf_dumdum/status/1733876228225110271,,Indonesia,Pres
2023-12-10 22:49:00+07:00,1733876474674053419,Pak Ganjar-Mahfud Satset Jos dalam mewujudkan 17 juta lapangan kerja baru untuk¬† Bikin Rakyat Bahagia dan menjadikan masa depan Indonesia lebih cemerlang https://t.co/IIAApQgRnb,1,0,0,1,in,1653049221535399937,1733876474674053419,Diamoen,https://twitter.com/Diamoen/status/1733876474674053419,https://pbs.twimg.com/ext_tw_video_thumb/1733875713495977984/pu/img/Tj5GdObkWQh2OFda.jpg,,Akronim
2023-12-10 22:55:57+07:00,1733878223816233328,gini amat suka ama cwo friendly https://t.co/dXDmDRJAfb,0,2,0,0,in,1654482326322044929,1733878223816233328,elevenzoy,https://twitter.com/elevenzoy/status/1733878223816233328,https://pbs.twimg.com/media/GA_5Dm-aUAAqR31.jpg,klik disini,Wapres
2023-12-10 22:56:53+07:00,1733878459213193446,@bentangnegeri Benar sekali itu bam pacul  Sekedar mengingatkan  Mayoritas masyarakat lebih percaya pak jokowi dari pada partai politik apalagi pdip   Jadi hati2 blunder pdip &amp; pendukung ganjar jgn ulangi terus menyerang pak jokowi Yg di untungkan 01 ü´¢  https://t.co/tG3KN6X0Jc.,0,1,1,6,in,1664574526947213317,1733773230182432827,T007bond,https://twitter.com/T007bond/status/1733878459213193446,,,Pres
2023-12-10 23:08:44+07:00,1733881443590562153,dukungan penuh untuk bapak ganjar mahfud dari bapak #HaryTanoesoedibjo  #PartaiPerindo  #UntukIndonesiaSejahtera https://t.co/T3cmXYeLxT,0,0,0,0,in,1715235600893382656,1733881443590562153,rohman1550669,https://twitter.com/rohman1550669/status/1733881443590562153,https://pbs.twimg.com/ext_tw_video_thumb/1733881244147150848/pu/img/WSKtIvbs0f1O0zb5.jpg,,Akronim
2023-12-10 23:10:26+07:00,1733881868624560226,Ganjar-Mahfud  membawa optimisme  harapan  dan tentu saja kebahagiaan pada pemilihan kali ini.,0,0,0,0,in,1708671401992114176,1733881868624560226,kenduxr,https://twitter.com/kenduxr/status/1733881868624560226,,,Pres
2023-12-10 23:14:32+07:00,1733882902264586711,Ganjar-Mahfud Satset Jos Bikin Rakyat Bahagia  Ganjar-Mahfud  satu tekad untuk keadilan sosial dan harga-harga yang wajar,0,0,0,0,in,1716973654918213632,1733882902264586711,airayize,https://twitter.com/airayize/status/1733882902264586711,,,Akronim
2023-12-10 23:14:37+07:00,1733882921948471464,@officialinews_ Ganjar Mahfud pasti sejahtera Indonesia,0,0,0,0,in,1714225295686082560,1733643943261426047,PerdiyanaLukas8,https://twitter.com/PerdiyanaLukas8/status/1733882921948471464,,,Pres
2023-12-10 23:15:09+07:00,1733883057244184787,Lanjutkan terus Pak Ganjar menjadi Wakil Presiden 2024  paling topüëçüèª  #GanjarJokowiMenang https://t.co/FL9mIYC0Ji,0,0,0,1,in,1604005229283794944,1733883057244184787,DerazRamadhan5,https://twitter.com/DerazRamadhan5/status/1733883057244184787,https://pbs.twimg.com/ext_tw_video_thumb/1733857072062869504/pu/img/pWxJCilUC8JQElrV.jpg,,Pres
2023-12-10 23:15:52+07:00,1733883238509342851,di tunggu kemenangan dari bapak ganjar mahfud #HaryTanoesoedibjo  #PartaiPerindo  #UntukIndonesiaSejahtera https://t.co/3XZq4bEVtB,0,0,0,0,in,1710739707708219392,1733883238509342851,Rembad277763,https://twitter.com/Rembad277763/status/1733883238509342851,https://pbs.twimg.com/ext_tw_video_thumb/1733883154895892480/pu/img/bzW5q5wWGl8jSJME.jpg,,Akronim
2023-12-10 23:18:14+07:00,1733883831462318535,@IDNTimes Mantap kami menunggu kehadiran Ganjar Mahfud ke kota kami,0,1,0,0,in,1219785626481876992,1733665228112691643,RetnosariErni_,https://twitter.com/RetnosariErni_/status/1733883831462318535,,,Akronim
2023-12-10 23:18:53+07:00,1733883996306919571,Ganjar-Mahfud Satset Jos pasti bawa kesejahteraan Bikin Rakyat Bahagia https://t.co/mrywXVbogU,0,0,0,0,in,1716973654918213632,1733883996306919571,airayize,https://twitter.com/airayize/status/1733883996306919571,https://pbs.twimg.com/ext_tw_video_thumb/1733883845924245504/pu/img/f-mGz6HPJjICPrHj.jpg,,Pres
2023-12-10 23:19:01+07:00,1733884030243033130,Ganjar-Mahfud  pilihan yang tepat untuk membangun Indonesia yang lebih inklusif. @biankrislabel  https://t.co/lv6f8Wz1PS,0,0,0,0,in,1681947885662007297,1733884030243033130,IndahPr514,https://twitter.com/IndahPr514/status/1733884030243033130,,Pariaman,Akronim
2023-12-10 23:20:00+07:00,1733884279057498498,Satu tekad untuk kesejahteraan bersama Ganjar-Mahfud Ganjar-Mahfud Satset Jos Bikin Rakyat Bahagia,0,0,0,0,in,1719738271964774401,1733884279057498498,meida_yulia,https://twitter.com/meida_yulia/status/1733884279057498498,,,Pres
2023-12-10 23:20:18+07:00,1733884355137970509,Saya yakin rencana aksi Pak Ganjar dapat memberikan solusi yang berkelanjutan Ganjar-Mahfud Satset Jos Bikin Rakyat Bahagia https://t.co/hbQWnNwy3o,0,0,0,0,in,1627706036067893255,1733884355137970509,corinne07_,https://twitter.com/corinne07_/status/1733884355137970509,https://pbs.twimg.com/media/GA_-oU4aMAAyMiI.jpg,,Akronim
2023-12-10 23:20:51+07:00,1733884493394813080,@ganjarpranowo selain sehat pak ganjar juga sekalian silaturahmi sma warga2 yaa,0,0,0,0,in,1702302078876700672,1733731514972823595,abimayu950360,https://twitter.com/abimayu950360/status/1733884493394813080,,,Pres
2023-12-10 23:21:30+07:00,1733884656469336482,peningkatan kerjasama kesenian dengan negara lain Ganjar-Mahfud Satset Jos Bikin Rakyat Bahagia https://t.co/AVbuhbpZvR,0,0,0,0,in,1696648593656954881,1733884656469336482,LambAdrian75567,https://twitter.com/LambAdrian75567/status/1733884656469336482,https://pbs.twimg.com/media/GA_-53AbYAAGsco.jpg,,Pres
2023-12-10 23:22:27+07:00,1733884895414693955,bener mba yenny   pak Ganjar Mahfud pasti bisa meneruskan perjuangan pak Jokowi   kinerja Gama bagus sekali ! https://t.co/9CZaSWzc7q  #GanjarMahfud #GanjarMahfudHarapan #GanjarJokowiBanget #YennyWahid,0,0,0,0,in,1698897961894420480,1733884895414693955,saraahhhe,https://twitter.com/saraahhhe/status/1733884895414693955,https://pbs.twimg.com/ext_tw_video_thumb/1733856633217015809/pu/img/pflLoZTjMhAonPqH.jpg,,Akronim
2023-12-10 23:22:43+07:00,1733884960246059498,Ganjar-Mahfud Satset Jos Bikin Rakyat Bahagia Fiks terbaik sih,0,0,0,0,in,1457540682990587907,1733884960246059498,gulungenak_,https://twitter.com/gulungenak_/status/1733884960246059498,,,Pres
2023-12-10 23:23:07+07:00,1733885062008172641,@officialinews_ maju untuk Indonesia bersama pak Ganjar Mahfud,0,1,0,0,in,1219785626481876992,1733657369622757851,RetnosariErni_,https://twitter.com/RetnosariErni_/status/1733885062008172641,,,Pres
2023-12-10 23:27:01+07:00,1733886043345375658,Salam ü§üü§üü§üü§ü Merauke-Sabang  indonesia Timur pastikan Ganjar mahfud menang lebih awal https://t.co/xtOT2bQhvc,5,14,76,422,in,1575895648859086852,1733886043345375658,Vigriawan_van,https://twitter.com/Vigriawan_van/status/1733886043345375658,https://pbs.twimg.com/ext_tw_video_thumb/1733885041003143168/pu/img/YxvqIv9dxZ7ognj0.jpg,West ,Pres
2023-12-10 23:28:37+07:00,1733886447227404440,Mau ngedit manip deh  tapi manip apa ya? Wkwk.,5,3,0,0,in,768696427279114240,1733886447227404440,gamanieI,https://twitter.com/gamanieI/status/1733886447227404440,,"My Lucky7, Yayas.",Wapres
2023-12-10 23:29:19+07:00,1733886623790792732,@Daus18698 @officialinews_ Indonesia akan lebih maju bersama ganjar-mahfud,0,0,0,0,in,1595015134782451712,1733670525225099305,gennnngenn,https://twitter.com/gennnngenn/status/1733886623790792732,,,Akronim
2023-12-10 23:31:37+07:00,1733887199782023381,Dukung Ganjar-Mahfud Satset Jos  harga harga terjangkau  Bikin Rakyat Bahagia,0,0,0,0,in,1596604116394024961,1733887199782023381,Rosalee_roses,https://twitter.com/Rosalee_roses/status/1733887199782023381,,,Pres
2023-12-10 23:31:46+07:00,1733887237853712866,@officialinews_ kapanpun saya tetap pilih ganjar-mahfud  karena pilihan yang tepat sudah pasti ganjar-mahfud  yakin m3nang,0,0,0,0,in,1595015134782451712,1733643943261426047,gennnngenn,https://twitter.com/gennnngenn/status/1733887237853712866,,,Akronim
2023-12-10 23:34:53+07:00,1733888023518187597,@ekokuntadhi1 Nyeritai pendukung ganjar kek kau ini ted kunted.. https://t.co/xm9v3JGiwq,1,0,0,3,in,487674378,1733714576599138747,rnpranata78,https://twitter.com/rnpranata78/status/1733888023518187597,https://pbs.twimg.com/ext_tw_video_thumb/1733887986545434624/pu/img/ajo2UvByJZ_iSDc4.jpg,batam,Pres
2023-12-10 23:37:55+07:00,1733888787724534144,@ayushadia__ @IDNTimes Ganjar Mahfudz pilihan KITA.ü§üü§üü§ü,0,0,0,0,in,1654587622982045696,1733462529178058991,gusjlhk,https://twitter.com/gusjlhk/status/1733888787724534144,,,Pres
2023-12-10 23:41:55+07:00,1733889794848039016,@Abdulilu1 @Fateeema_hussai To amma sardauna wannan …óin da gaske itace????  kasan fa akwai ∆¥an bani na iya,0,2,0,1,in,1541894929567420422,1733874843127316863,ibrahimisahaq48,https://twitter.com/ibrahimisahaq48/status/1733889794848039016,,,Wapres
2023-12-10 23:42:44+07:00,1733889997651288131,Ganjar-Mahfud Satset Jos  gak suka bikin panjang lebar. Mereka bikin kebijakan yang simpel dan jelas  langsung Bikin Rakyat Bahagia.,0,0,0,1,in,1515029334993645568,1733889997651288131,larina0027,https://twitter.com/larina0027/status/1733889997651288131,,indonesia,Pres
2023-12-10 23:43:18+07:00,1733890143264854142,@tribunnews Pak ganjar memang yg terbaik menjadi penerus pemimpin indonesia,0,0,0,0,in,1723577097745235968,1733785809684455571,sasyagrecilia,https://twitter.com/sasyagrecilia/status/1733890143264854142,,,Pres
2023-12-10 23:51:21+07:00,1733892168899780763,@Dennysiregar7 Suara netisen ganjar melebihi survei terbaik gak thu‚ù§Ô∏è‚ù§Ô∏è https://t.co/m2GRdqQ2Ys,0,0,1,2,in,830786315738243072,1733851577444962698,kristianustv,https://twitter.com/kristianustv/status/1733892168899780763,https://pbs.twimg.com/media/GBAFvR-aoAAqSFi.jpg,Kupang,Pres
2023-12-10 23:52:36+07:00,1733892481354547589,Makanya jgn kurang ajar sama Presiden  apalagi presiden sebaik Jokowi jgn di kira pendukung Jokowi tinggal diam dgn kepongahan kalian cuma rakyatnya partai aja soksokan nyenggol2 jokowi dn istrinya  longsor kan dukunganya? üòÄüòÄ https://t.co/Qy54aBA9PX,10,128,57,200,in,815290931003826176,1733892481354547589,blantik_pedhet1,https://twitter.com/blantik_pedhet1/status/1733892481354547589,,"DKI Jakarta, Indonesia",Pres
2023-12-10 23:54:38+07:00,1733892994292699599,@YRadianto Ya iyalah ki  Jokowi ga mendidik ganjar untuk jd kacung partai  tp ganjar sendiri yg memilih untuk jd kacung partai https://t.co/xGJu9dE6LI,0,3,0,0,in,1509305295746797568,1733871695717421091,HaramAsoy,https://twitter.com/HaramAsoy/status/1733892994292699599,https://pbs.twimg.com/ext_tw_video_thumb/1733892729678278656/pu/img/jQcmn79Ksv00IzJH.jpg,,Pres
2023-12-10 23:57:32+07:00,1733893724458168551,@jpnncom Setuju sama pak ganjar  semoga pak ganjar presiden,0,0,0,0,in,1708857843179479040,1733824919748985131,nakhlarafi6089,https://twitter.com/nakhlarafi6089/status/1733893724458168551,,,Pres
